node1,node_l,node_dir_l,node2,node_m,,node_dir_m,,same_node,same_dir
"(2S,3R)-3-[(4E,7E)-Nona-4,7-dienoyl]-N,N-bis(trimethylsilyl)oxirane-2-carboxamide ","(2S,3R)-3-[(4E,7E)-Nona-4,7-dienoyl]-N,N-bis(trimethylsilyl)oxirane-2-carboxamide",-1,"(2S,3R)-3-[(4E,7E)-Nona-4,7-dienoyl]-N,N-bis(trimethylsilyl)oxirane-2-carboxamide ","(2S,3R)-3-[(4E,7E)-Nona-4,7-dienoyl]-N,N-bis(trimethylsilyl)oxirane-2-carboxamide",Down,-1,,TRUE,TRUE
"(7a-Isopropenyl-4,5-dimethyloctahydroinden-4-yl)methanol","(7a-Isopropenyl-4,5-dimethyloctahydroinden-4-yl)methanol",-1,"(7a-Isopropenyl-4,5-dimethyloctahydroinden-4-yl)methanol","(7a-Isopropenyl-4,5-dimethyloctahydroinden-4-yl)methanol",Down,-1,,TRUE,TRUE
"(9H-fluoren-9-yl)methanol, O-methoxycarbonyl-","(9H-fluoren-9-yl)methanol, O-methoxycarbonyl-",-1,"(9H-fluoren-9-yl)methanol, O-methoxycarbonyl-","(9H-fluoren-9-yl)methanol, O-methoxycarbonyl-",Down,-1,,TRUE,TRUE
(CH3)2C=NC2H558,(CH3)2C=NC2H558,1,(CH3)2C=NC2H558,(CH3)2C=NC2H558,Up,1,,TRUE,TRUE
(pm)-alpha-Tocopherol acetate,(pm)-alpha-Tocopherol acetate,-1,(pm)-alpha-Tocopherol acetate,(pm)-alpha-Tocopherol acetate,Down,-1,,TRUE,TRUE
(pm)-N-Propylamphetamine,(pm)-N-Propylamphetamine,1,(pm)-N-Propylamphetamine,(pm)-N-Propylamphetamine,Up,1,,TRUE,TRUE
(pm)-Norketamine,(pm)-Norketamine,1,(pm)-Norketamine,(pm)-Norketamine,Up,1,,TRUE,TRUE
(pm)-Phenylpropanolamine,(pm)-Phenylpropanolamine,1,(pm)-Phenylpropanolamine,(pm)-Phenylpropanolamine,Up,1,,TRUE,TRUE
"(R*,S*)-2,3-Dihydroxybutanoic acid","(R*,S*)-2,3-Dihydroxybutanoic acid",-1,"(R*,S*)-2,3-Dihydroxybutanoic acid","(R*,S*)-2,3-Dihydroxybutanoic acid",Down,-1,,TRUE,TRUE
"(S,S)-(-)-Hydrobenzoin","(S,S)-(-)-Hydrobenzoin",-1,"(S,S)-(-)-Hydrobenzoin","(S,S)-(-)-Hydrobenzoin",Down,-1,,TRUE,TRUE
1-(3-Methylphenyl)piperazine,1-(3-Methylphenyl)piperazine,-1,1-(3-Methylphenyl)piperazine,1-(3-Methylphenyl)piperazine,Down,-1,,TRUE,TRUE
1-(4-Hydroxybenzylidene)acetone,1-(4-Hydroxybenzylidene)acetone,-1,1-(4-Hydroxybenzylidene)acetone,1-(4-Hydroxybenzylidene)acetone,Down,-1,,TRUE,TRUE
"1-(4-Methoxyphenyl)-4,6-dimethyl-2(1H)-pyrimidinone","1-(4-Methoxyphenyl)-4,6-dimethyl-2(1H)-pyrimidinone",-1,"1-(4-Methoxyphenyl)-4,6-dimethyl-2(1H)-pyrimidinone","1-(4-Methoxyphenyl)-4,6-dimethyl-2(1H)-pyrimidinone",Down,-1,,TRUE,TRUE
1-Aminocyclopropanecarboxylic acid,1-Aminocyclopropanecarboxylic acid,-1,1-Aminocyclopropanecarboxylic acid,1-Aminocyclopropanecarboxylic acid,Down,-1,,TRUE,TRUE
"1-Butanamine, N,N-diethyl-","1-Butanamine, N,N-diethyl-",-1,"1-Butanamine, N,N-diethyl-","1-Butanamine, N,N-diethyl-",Down,-1,,TRUE,TRUE
1-Cyclopentylethanol,1-Cyclopentylethanol,-1,1-Cyclopentylethanol,1-Cyclopentylethanol,Down,-1,,TRUE,TRUE
"1-Decene, 8-methyl-","1-Decene, 8-methyl-",-1,"1-Decene, 8-methyl-","1-Decene, 8-methyl-",Down,-1,,TRUE,TRUE
1-Deoxypentitol,1-Deoxypentitol,-1,1-Deoxypentitol,1-Deoxypentitol,Down,-1,,TRUE,TRUE
1-Hexadecanol,1-Hexadecanol,1,1-Hexadecanol,1-Hexadecanol,Up,1,,TRUE,TRUE
1-Hexanol,1-Hexanol,1,1-Hexanol,1-Hexanol,Up,1,,TRUE,TRUE
1-Hydroxy-3-methoxy-6-methylanthraquinone,1-Hydroxy-3-methoxy-6-methylanthraquinone,1,1-Hydroxy-3-methoxy-6-methylanthraquinone,1-Hydroxy-3-methoxy-6-methylanthraquinone,Up,1,,TRUE,TRUE
"1-Methyl-N,N-bis(trimethylsilyl)-4-[(trimethylsilyl)oxy]-1H-imidazol-2-amine","1-Methyl-N,N-bis(trimethylsilyl)-4-[(trimethylsilyl)oxy]-1H-imidazol-2-amine",-1,"1-Methyl-N,N-bis(trimethylsilyl)-4-[(trimethylsilyl)oxy]-1H-imidazol-2-amine","1-Methyl-N,N-bis(trimethylsilyl)-4-[(trimethylsilyl)oxy]-1H-imidazol-2-amine",Down,-1,,TRUE,TRUE
1-Monoacetin,1-Monoacetin,-1,1-Monoacetin,1-Monoacetin,Down,-1,,TRUE,TRUE
1-Octanol,1-Octanol,-1,1-Octanol,1-Octanol,Down,-1,,TRUE,TRUE
"1-Octanol, 2-butyl-","1-Octanol, 2-butyl-",1,"1-Octanol, 2-butyl-","1-Octanol, 2-butyl-",Up,1,,TRUE,TRUE
"1-Octene, 2-methyl-","1-Octene, 2-methyl-",-1,"1-Octene, 2-methyl-","1-Octene, 2-methyl-",Down,-1,,TRUE,TRUE
1-Phenethylamine,1-Phenethylamine,-1,1-Phenethylamine,1-Phenethylamine,Down,-1,,TRUE,TRUE
"1-Phenyl-1,2-ethanediol","1-Phenyl-1,2-ethanediol",-1,"1-Phenyl-1,2-ethanediol","1-Phenyl-1,2-ethanediol",Down,-1,,TRUE,TRUE
1-Phenylethanol,1-Phenylethanol,1,1-Phenylethanol,1-Phenylethanol,Up,1,,TRUE,TRUE
"1-Piperazineethanol, 4-dibenzo[b,f][1,4]thiazepin-11-yl-","1-Piperazineethanol, 4-dibenzo[b,f][1,4]thiazepin-11-yl-",1,"1-Piperazineethanol, 4-dibenzo[b,f][1,4]thiazepin-11-yl-","1-Piperazineethanol, 4-dibenzo[b,f][1,4]thiazepin-11-yl-",Up,1,,TRUE,TRUE
1-Tetradecanol,1-Tetradecanol,-1,1-Tetradecanol,1-Tetradecanol,Down,-1,,TRUE,TRUE
"1,1'-Biphenyl, 3,4-diethyl-","1,1'-Biphenyl, 3,4-diethyl-",-1,"1,1'-Biphenyl, 3,4-diethyl-","1,1'-Biphenyl, 3,4-diethyl-",Down,-1,,TRUE,TRUE
"1,2-Benzenedicarboxylic acid","1,2-Benzenedicarboxylic acid",1,"1,2-Benzenedicarboxylic acid","1,2-Benzenedicarboxylic acid",Up,1,,TRUE,TRUE
"1,2-Butadiene, 1,1,4-triphenyl-3-trimethylsilyl-4-trimethylsilyloxy-","1,2-Butadiene, 1,1,4-triphenyl-3-trimethylsilyl-4-trimethylsilyloxy-",-1,"1,2-Butadiene, 1,1,4-triphenyl-3-trimethylsilyl-4-trimethylsilyloxy-","1,2-Butadiene, 1,1,4-triphenyl-3-trimethylsilyl-4-trimethylsilyloxy-",Down,-1,,TRUE,TRUE
"1,2,3,10,11,11a-Hexahydro-6,7,8-trimethoxy-3-oxo-5H-dibenzo(a,d)cycloheptene","1,2,3,10,11,11a-Hexahydro-6,7,8-trimethoxy-3-oxo-5H-dibenzo(a,d)cycloheptene",-1,"1,2,3,10,11,11a-Hexahydro-6,7,8-trimethoxy-3-oxo-5H-dibenzo(a,d)cycloheptene","1,2,3,10,11,11a-Hexahydro-6,7,8-trimethoxy-3-oxo-5H-dibenzo(a,d)cycloheptene",Down,-1,,TRUE,TRUE
"1,3-bis[(Trimethylsilyl)ethynyl]benzene","1,3-bis[(Trimethylsilyl)ethynyl]benzene",-1,"1,3-bis[(Trimethylsilyl)ethynyl]benzene","1,3-bis[(Trimethylsilyl)ethynyl]benzene",Down,-1,,TRUE,TRUE
"1,3-Cyclohexanebis(methylamine)","1,3-Cyclohexanebis(methylamine)",-1,"1,3-Cyclohexanebis(methylamine)","1,3-Cyclohexanebis(methylamine)",Down,-1,,TRUE,TRUE
"1,3-Dioxane-4-methanol, 4,5-dimethyl-","1,3-Dioxane-4-methanol, 4,5-dimethyl-",-1,"1,3-Dioxane-4-methanol, 4,5-dimethyl-","1,3-Dioxane-4-methanol, 4,5-dimethyl-",Down,-1,,TRUE,TRUE
"1,3,5-Benzetriol","1,3,5-Benzetriol",-1,"1,3,5-Benzetriol","1,3,5-Benzetriol",Down,-1,,TRUE,TRUE
"1,3,5-Trimethyl-1H-pyrazol-4-amine","1,3,5-Trimethyl-1H-pyrazol-4-amine",-1,"1,3,5-Trimethyl-1H-pyrazol-4-amine","1,3,5-Trimethyl-1H-pyrazol-4-amine",Down,-1,,TRUE,TRUE
"1,4-diazabicyclo[4.3.0]nonan-2,5-dione, 3-methyl ","1,4-diazabicyclo[4.3.0]nonan-2,5-dione, 3-methyl",1,"1,4-diazabicyclo[4.3.0]nonan-2,5-dione, 3-methyl ","1,4-diazabicyclo[4.3.0]nonan-2,5-dione, 3-methyl",Up,1,,TRUE,TRUE
"1,5-Anhydroglucitol","1,5-Anhydroglucitol",1,"1,5-Anhydroglucitol","1,5-Anhydroglucitol",Up,1,,TRUE,TRUE
10-Heptadecenoic acid,10-Heptadecenoic acid,-1,10-Heptadecenoic acid,10-Heptadecenoic acid,Down,-1,,TRUE,TRUE
12-Hydroxyoctadecanoic acid,12-Hydroxyoctadecanoic acid,-1,12-Hydroxyoctadecanoic acid,12-Hydroxyoctadecanoic acid,Down,-1,,TRUE,TRUE
12-Oxooctadecanoate,12-Oxooctadecanoate,-1,12-Oxooctadecanoate,12-Oxooctadecanoate,Down,-1,,TRUE,TRUE
13-Docosenamide,13-Docosenamide,1,13-Docosenamide,13-Docosenamide,Up,1,,TRUE,TRUE
"15-Oxo-11Z,13E-eicosadienoic acid","15-Oxo-11Z,13E-eicosadienoic acid",-1,"15-Oxo-11Z,13E-eicosadienoic acid","15-Oxo-11Z,13E-eicosadienoic acid",Down,-1,,TRUE,TRUE
"1H-Pyrazole, 3,4-bis(trimethylsilyl)-","1H-Pyrazole, 3,4-bis(trimethylsilyl)-",-1,"1H-Pyrazole, 3,4-bis(trimethylsilyl)-","1H-Pyrazole, 3,4-bis(trimethylsilyl)-",Down,-1,,TRUE,TRUE
"2-(2,5-Dimethoxy-phenyl)-propionaldehyde","2-(2,5-Dimethoxy-phenyl)-propionaldehyde",1,"2-(2,5-Dimethoxy-phenyl)-propionaldehyde","2-(2,5-Dimethoxy-phenyl)-propionaldehyde",Up,1,,TRUE,TRUE
"2-(Decanoyloxy)propane-1,3-diyl dioctanoate","2-(Decanoyloxy)propane-1,3-diyl dioctanoate",-1,"2-(Decanoyloxy)propane-1,3-diyl dioctanoate","2-(Decanoyloxy)propane-1,3-diyl dioctanoate",Down,-1,,TRUE,TRUE
"2-Acetyl-3-(1-methyl-2-pyrrolyl)-1,4-benzenediol","2-Acetyl-3-(1-methyl-2-pyrrolyl)-1,4-benzenediol",1,"2-Acetyl-3-(1-methyl-2-pyrrolyl)-1,4-benzenediol","2-Acetyl-3-(1-methyl-2-pyrrolyl)-1,4-benzenediol",Up,1,,TRUE,TRUE
2-Acetyl-5-chloro-3-methylbenzo(b)thiophene,2-Acetyl-5-chloro-3-methylbenzo(b)thiophene,-1,2-Acetyl-5-chloro-3-methylbenzo(b)thiophene,2-Acetyl-5-chloro-3-methylbenzo(b)thiophene,Down,-1,,TRUE,TRUE
"2-Allyl-1,4-dimethoxybenzene","2-Allyl-1,4-dimethoxybenzene",-1,"2-Allyl-1,4-dimethoxybenzene","2-Allyl-1,4-dimethoxybenzene",Down,-1,,TRUE,TRUE
2-Amino-4-methylphenol,2-Amino-4-methylphenol,-1,2-Amino-4-methylphenol,2-Amino-4-methylphenol,Down,-1,,TRUE,TRUE
"2-Amino-4,6-dihydroxypyrimidine","2-Amino-4,6-dihydroxypyrimidine",1,"2-Amino-4,6-dihydroxypyrimidine","2-Amino-4,6-dihydroxypyrimidine",Up,1,,TRUE,TRUE
2-Aminoadipic acid,2-Aminoadipic acid,-1,2-Aminoadipic acid,2-Aminoadipic acid,Down,-1,,TRUE,TRUE
2-Aminobutanoic acid,2-Aminobutanoic acid,1,2-Aminobutanoic acid,2-Aminobutanoic acid,Up,1,,TRUE,TRUE
2-Ethyl-3-hydroxypropionic acid,2-Ethyl-3-hydroxypropionic acid,-1,2-Ethyl-3-hydroxypropionic acid,2-Ethyl-3-hydroxypropionic acid,Down,-1,,TRUE,TRUE
2-Furoic acid,2-Furoic acid,-1,2-Furoic acid,2-Furoic acid,Down,-1,,TRUE,TRUE
"2-Heptanone, 4,6-dimethyl-","2-Heptanone, 4,6-dimethyl-",-1,"2-Heptanone, 4,6-dimethyl-","2-Heptanone, 4,6-dimethyl-",Down,-1,,TRUE,TRUE
2-Heptenoic acid,2-Heptenoic acid,-1,2-Heptenoic acid,2-Heptenoic acid,Down,-1,,TRUE,TRUE
2-Hexen-1-ol,2-Hexen-1-ol,-1,2-Hexen-1-ol,2-Hexen-1-ol,Down,-1,,TRUE,TRUE
"2-Hexenoic acid, 2-[(trimethylsilyl)oxy]-","2-Hexenoic acid, 2-[(trimethylsilyl)oxy]-",-1,"2-Hexenoic acid, 2-[(trimethylsilyl)oxy]-","2-Hexenoic acid, 2-[(trimethylsilyl)oxy]-",Down,-1,,TRUE,TRUE
2-Hydroxy-2-methylbutyric acid,2-Hydroxy-2-methylbutyric acid,-1,2-Hydroxy-2-methylbutyric acid,2-Hydroxy-2-methylbutyric acid,Down,-1,,TRUE,TRUE
2-Hydroxy-3-methylbutyric acid,2-Hydroxy-3-methylbutyric acid,-1,2-Hydroxy-3-methylbutyric acid,2-Hydroxy-3-methylbutyric acid,Down,-1,,TRUE,TRUE
2-Hydroxy-5-methoxybenzaldehyde,2-Hydroxy-5-methoxybenzaldehyde,1,2-Hydroxy-5-methoxybenzaldehyde,2-Hydroxy-5-methoxybenzaldehyde,Up,1,,TRUE,TRUE
2-Hydroxybutyric acid,2-Hydroxybutyric acid,1,2-Hydroxybutyric acid,2-Hydroxybutyric acid,Up,1,,TRUE,TRUE
2-Isopropyl-5-methyl-1-heptanol ,2-Isopropyl-5-methyl-1-heptanol,-1,2-Isopropyl-5-methyl-1-heptanol,2-Isopropyl-5-methyl-1-heptanol,Down,-1,,TRUE,TRUE
2-Ketoisocaproic acid,2-Ketoisocaproic acid,1,2-Ketoisocaproic acid,2-Ketoisocaproic acid,Up,1,,TRUE,TRUE
2-Methyl-4-pentenoic acid,2-Methyl-4-pentenoic acid,-1,2-Methyl-4-pentenoic acid,2-Methyl-4-pentenoic acid,Down,-1,,TRUE,TRUE
2-Methylglutaconic acid,2-Methylglutaconic acid,-1,2-Methylglutaconic acid,2-Methylglutaconic acid,Down,-1,,TRUE,TRUE
2-Naphthol,2-Naphthol,-1,2-Naphthol,2-Naphthol,Down,-1,,TRUE,TRUE
2-Pentenoic acid,2-Pentenoic acid,-1,2-Pentenoic acid,2-Pentenoic acid,Down,-1,,TRUE,TRUE
"2-Propanone, bis(1-methylethyl)hydrazone","2-Propanone, bis(1-methylethyl)hydrazone",-1,"2-Propanone, bis(1-methylethyl)hydrazone","2-Propanone, bis(1-methylethyl)hydrazone",Down,-1,,TRUE,TRUE
"2-Propenamide, 3-phenyl-N-2-propenyl-","2-Propenamide, 3-phenyl-N-2-propenyl-",-1,"2-Propenamide, 3-phenyl-N-2-propenyl-","2-Propenamide, 3-phenyl-N-2-propenyl-",Down,-1,,TRUE,TRUE
2-Pyrrolidinone,2-Pyrrolidinone,1,2-Pyrrolidinone,2-Pyrrolidinone,Up,1,,TRUE,TRUE
"2,2-Diallylpyrrolidine","2,2-Diallylpyrrolidine",-1,"2,2-Diallylpyrrolidine","2,2-Diallylpyrrolidine",Down,-1,,TRUE,TRUE
"2,2,4-Trimethyl-1,3-pentanediol diisobutyrate","2,2,4-Trimethyl-1,3-pentanediol diisobutyrate",-1,"2,2,4-Trimethyl-1,3-pentanediol diisobutyrate","2,2,4-Trimethyl-1,3-pentanediol diisobutyrate",Down,-1,,TRUE,TRUE
"2,2,8,8-Tetramethyl-3,7-dioxa-4-aza-2,8-disilanon-4-ene","2,2,8,8-Tetramethyl-3,7-dioxa-4-aza-2,8-disilanon-4-ene",-1,"2,2,8,8-Tetramethyl-3,7-dioxa-4-aza-2,8-disilanon-4-ene","2,2,8,8-Tetramethyl-3,7-dioxa-4-aza-2,8-disilanon-4-ene",Down,-1,,TRUE,TRUE
"2,3-Butanediol","2,3-Butanediol",-1,"2,3-Butanediol","2,3-Butanediol",Down,-1,,TRUE,TRUE
"2,3,4-Trihydroxybutyric acid tetrakis","2,3,4-Trihydroxybutyric acid tetrakis",-1,"2,3,4-Trihydroxybutyric acid tetrakis","2,3,4-Trihydroxybutyric acid tetrakis",Down,-1,,TRUE,TRUE
"2,4-Imidazolidinedione, 5,5-dimethyl-","2,4-Imidazolidinedione, 5,5-dimethyl-",-1,"2,4-Imidazolidinedione, 5,5-dimethyl-","2,4-Imidazolidinedione, 5,5-dimethyl-",Down,-1,,TRUE,TRUE
"2,5-Cyclohexadiene-1,4-dione, 2,6-bis(1,1-dimethylethyl)-","2,5-Cyclohexadiene-1,4-dione, 2,6-bis(1,1-dimethylethyl)-",1,"2,5-Cyclohexadiene-1,4-dione, 2,6-bis(1,1-dimethylethyl)-","2,5-Cyclohexadiene-1,4-dione, 2,6-bis(1,1-dimethylethyl)-",Up,1,,TRUE,TRUE
"2,5-di-tert-Butyl-1,4-benzoquinone","2,5-di-tert-Butyl-1,4-benzoquinone",1,"2,5-di-tert-Butyl-1,4-benzoquinone","2,5-di-tert-Butyl-1,4-benzoquinone",Up,1,,TRUE,TRUE
"2,5-Di-tert-butylhydroquinone","2,5-Di-tert-butylhydroquinone",1,"2,5-Di-tert-butylhydroquinone","2,5-Di-tert-butylhydroquinone",Up,1,,TRUE,TRUE
"2,5-Dimethoxy-4-methylamphetamine","2,5-Dimethoxy-4-methylamphetamine",-1,"2,5-Dimethoxy-4-methylamphetamine","2,5-Dimethoxy-4-methylamphetamine",Down,-1,,TRUE,TRUE
"2,5-Dimethoxybenzonitrile","2,5-Dimethoxybenzonitrile",-1,"2,5-Dimethoxybenzonitrile","2,5-Dimethoxybenzonitrile",Down,-1,,TRUE,TRUE
"2,5-Dimethoxymandelic acid","2,5-Dimethoxymandelic acid",1,"2,5-Dimethoxymandelic acid","2,5-Dimethoxymandelic acid",Up,1,,TRUE,TRUE
"2,5-Dimethoxyphenol","2,5-Dimethoxyphenol",-1,"2,5-Dimethoxyphenol","2,5-Dimethoxyphenol",Down,-1,,TRUE,TRUE
"2,5-Dimethyl-1-aza-bicyclo[2.2.1]heptane","2,5-Dimethyl-1-aza-bicyclo[2.2.1]heptane",1,"2,5-Dimethyl-1-aza-bicyclo[2.2.1]heptane","2,5-Dimethyl-1-aza-bicyclo[2.2.1]heptane",Up,1,,TRUE,TRUE
"2,5-Piperazinedione, 3-benzyl-6-isopropyl-","2,5-Piperazinedione, 3-benzyl-6-isopropyl-",-1,"2,5-Piperazinedione, 3-benzyl-6-isopropyl-","2,5-Piperazinedione, 3-benzyl-6-isopropyl-",Down,-1,,TRUE,TRUE
"2,6-Bis[2-[2-S-thiosulfuroethylamino]ethoxy]pyrazine","2,6-Bis[2-[2-S-thiosulfuroethylamino]ethoxy]pyrazine",-1,"2,6-Bis[2-[2-S-thiosulfuroethylamino]ethoxy]pyrazine","2,6-Bis[2-[2-S-thiosulfuroethylamino]ethoxy]pyrazine",Down,-1,,TRUE,TRUE
"2,6-Dimethyl-N-[3-(trimethylsilyl)-1,3-thiazinan-2-ylidene]aniline","2,6-Dimethyl-N-[3-(trimethylsilyl)-1,3-thiazinan-2-ylidene]aniline",-1,"2,6-Dimethyl-N-[3-(trimethylsilyl)-1,3-thiazinan-2-ylidene]aniline","2,6-Dimethyl-N-[3-(trimethylsilyl)-1,3-thiazinan-2-ylidene]aniline",Down,-1,,TRUE,TRUE
"2',2,3,6'-Tetramethoxychalcone","2',2,3,6'-Tetramethoxychalcone",1,"2',2,3,6'-Tetramethoxychalcone","2',2,3,6'-Tetramethoxychalcone",Up,1,,TRUE,TRUE
"3-(3-Cyclohexylaminopropionylamino)-5-ethylthiophene-2-carboxylic acid, ethyl ester","3-(3-Cyclohexylaminopropionylamino)-5-ethylthiophene-2-carboxylic acid, ethyl ester",-1,"3-(3-Cyclohexylaminopropionylamino)-5-ethylthiophene-2-carboxylic acid, ethyl ester","3-(3-Cyclohexylaminopropionylamino)-5-ethylthiophene-2-carboxylic acid, ethyl ester",Down,-1,,TRUE,TRUE
3-Amino-2-piperidone,3-Amino-2-piperidone,-1,3-Amino-2-piperidone,3-Amino-2-piperidone,Down,-1,,TRUE,TRUE
3-Amino-5-morpholinomethyl-2-oxazolidinone,3-Amino-5-morpholinomethyl-2-oxazolidinone,-1,3-Amino-5-morpholinomethyl-2-oxazolidinone,3-Amino-5-morpholinomethyl-2-oxazolidinone,Down,-1,,TRUE,TRUE
3-Aminobenzoic acid,3-Aminobenzoic acid,-1,3-Aminobenzoic acid,3-Aminobenzoic acid,Down,-1,,TRUE,TRUE
3-Aminobutanoic acid,3-Aminobutanoic acid,-1,3-Aminobutanoic acid,3-Aminobutanoic acid,Down,-1,,TRUE,TRUE
"3-Buten-2-one, 3-trimethylsilyloxy-","3-Buten-2-one, 3-trimethylsilyloxy-",1,"3-Buten-2-one, 3-trimethylsilyloxy-","3-Buten-2-one, 3-trimethylsilyloxy-",Up,1,,TRUE,TRUE
"3-Buten-2-one, 4-(4-methoxyphenyl)-","3-Buten-2-one, 4-(4-methoxyphenyl)-",1,"3-Buten-2-one, 4-(4-methoxyphenyl)-","3-Buten-2-one, 4-(4-methoxyphenyl)-",Up,1,,TRUE,TRUE
"3-Cyclohexyl-L-alanine amide, N,N,N'N'-tetramethyl-","3-Cyclohexyl-L-alanine amide, N,N,N'N'-tetramethyl-",-1,"3-Cyclohexyl-L-alanine amide, N,N,N'N'-tetramethyl-","3-Cyclohexyl-L-alanine amide, N,N,N'N'-tetramethyl-",Down,-1,,TRUE,TRUE
3-Hexenedinitrile,3-Hexenedinitrile,-1,3-Hexenedinitrile,3-Hexenedinitrile,Down,-1,,TRUE,TRUE
"3-Hydroxy-2,3-dihydromaltol","3-Hydroxy-2,3-dihydromaltol",-1,"3-Hydroxy-2,3-dihydromaltol","3-Hydroxy-2,3-dihydromaltol",Down,-1,,TRUE,TRUE
3-Hydroxybutyric acid,3-Hydroxybutyric acid,-1,3-Hydroxybutyric acid,3-Hydroxybutyric acid,Down,-1,,TRUE,TRUE
3-Hydroxyisovaleric acid,3-Hydroxyisovaleric acid,-1,3-Hydroxyisovaleric acid,3-Hydroxyisovaleric acid,Down,-1,,TRUE,TRUE
3-Indoleacetic acid,3-Indoleacetic acid,-1,3-Indoleacetic acid,3-Indoleacetic acid,Down,-1,,TRUE,TRUE
3-Indolepropionic acid,3-Indolepropionic acid,-1,3-Indolepropionic acid,3-Indolepropionic acid,Down,-1,,TRUE,TRUE
"3-Methoxyamphetamine, 4-Trimethylsilyloxy, N,N-bis(Trimethylsilyloxy)-","3-Methoxyamphetamine, 4-Trimethylsilyloxy, N,N-bis(Trimethylsilyloxy)-",1,"3-Methoxyamphetamine, 4-Trimethylsilyloxy, N,N-bis(Trimethylsilyloxy)-","3-Methoxyamphetamine, 4-Trimethylsilyloxy, N,N-bis(Trimethylsilyloxy)-",Up,1,,TRUE,TRUE
3-Methoxysalicylic acid,3-Methoxysalicylic acid,1,3-Methoxysalicylic acid,3-Methoxysalicylic acid,Up,1,,TRUE,TRUE
3-Methyladenine,3-Methyladenine,-1,3-Methyladenine,3-Methyladenine,Down,-1,,TRUE,TRUE
"3-Methylpiperazine-2,5-dione, (R)-","3-Methylpiperazine-2,5-dione, (R)-",-1,"3-Methylpiperazine-2,5-dione, (R)-","3-Methylpiperazine-2,5-dione, (R)-",Down,-1,,TRUE,TRUE
3-Nonen-1-ol,3-Nonen-1-ol,1,3-Nonen-1-ol,3-Nonen-1-ol,Up,1,,TRUE,TRUE
3-Ureidopropionic acid,3-Ureidopropionic acid,-1,3-Ureidopropionic acid,3-Ureidopropionic acid,Down,-1,,TRUE,TRUE
"3,4-Dihydrocoumarin, 4,4-dimethyl-6-dimethylamino-","3,4-Dihydrocoumarin, 4,4-dimethyl-6-dimethylamino-",1,"3,4-Dihydrocoumarin, 4,4-dimethyl-6-dimethylamino-","3,4-Dihydrocoumarin, 4,4-dimethyl-6-dimethylamino-",Up,1,,TRUE,TRUE
"3,4-Dihydroxymandelic acid, ethyl ester","3,4-Dihydroxymandelic acid, ethyl ester",-1,"3,4-Dihydroxymandelic acid, ethyl ester","3,4-Dihydroxymandelic acid, ethyl ester",Down,-1,,TRUE,TRUE
"3,4-dimethyl-5-(3,4-methylenedioxy)phenyloxazolidine","3,4-dimethyl-5-(3,4-methylenedioxy)phenyloxazolidine",1,"3,4-dimethyl-5-(3,4-methylenedioxy)phenyloxazolidine","3,4-dimethyl-5-(3,4-methylenedioxy)phenyloxazolidine",Up,1,,TRUE,TRUE
"3,4,5-Trihydroxypentanoic acid, tetrakis(trimethylsilyl)-","3,4,5-Trihydroxypentanoic acid, tetrakis(trimethylsilyl)-",-1,"3,4,5-Trihydroxypentanoic acid, tetrakis(trimethylsilyl)-","3,4,5-Trihydroxypentanoic acid, tetrakis(trimethylsilyl)-",Down,-1,,TRUE,TRUE
"3,5-di-tert-Butyl-4-hydroxyacetophenone","3,5-di-tert-Butyl-4-hydroxyacetophenone",-1,"3,5-di-tert-Butyl-4-hydroxyacetophenone","3,5-di-tert-Butyl-4-hydroxyacetophenone",Down,-1,,TRUE,TRUE
"3,5-Dimethylpyrazole","3,5-Dimethylpyrazole",-1,"3,5-Dimethylpyrazole","3,5-Dimethylpyrazole",Down,-1,,TRUE,TRUE
3'-(Trimethylsilyl)oxy-beta-naphthoflavone,3'-(Trimethylsilyl)oxy-beta-naphthoflavone,1,3'-(Trimethylsilyl)oxy-beta-naphthoflavone,3'-(Trimethylsilyl)oxy-beta-naphthoflavone,Up,1,,TRUE,TRUE
3'-Hydroxyacetophenone,3'-Hydroxyacetophenone,-1,3'-Hydroxyacetophenone,3'-Hydroxyacetophenone,Down,-1,,TRUE,TRUE
"3beta-TRIMETHYLSILOXY-5alpha,6alpha-EPOXYCHOLESTANE","3beta-TRIMETHYLSILOXY-5alpha,6alpha-EPOXYCHOLESTANE",-1,"3beta-TRIMETHYLSILOXY-5alpha,6alpha-EPOXYCHOLESTANE","3beta-TRIMETHYLSILOXY-5alpha,6alpha-EPOXYCHOLESTANE",Down,-1,,TRUE,TRUE
"3beta,4beta-Bis(trimethylsiloxy)cholest-5-ene","3beta,4beta-Bis(trimethylsiloxy)cholest-5-ene",-1,"3beta,4beta-Bis(trimethylsiloxy)cholest-5-ene","3beta,4beta-Bis(trimethylsiloxy)cholest-5-ene",Down,-1,,TRUE,TRUE
4-(Methoxycarbonyl)phenol,4-(Methoxycarbonyl)phenol,1,4-(Methoxycarbonyl)phenol,4-(Methoxycarbonyl)phenol,Up,1,,TRUE,TRUE
4-Cumylphenol,4-Cumylphenol,-1,4-Cumylphenol,4-Cumylphenol,Down,-1,,TRUE,TRUE
4-Hydroxy-5-(hydroxymethyl)oxolan-2-one,4-Hydroxy-5-(hydroxymethyl)oxolan-2-one,1,4-Hydroxy-5-(hydroxymethyl)oxolan-2-one,4-Hydroxy-5-(hydroxymethyl)oxolan-2-one,Up,1,,TRUE,TRUE
4-Hydroxybenzaldehyde,4-Hydroxybenzaldehyde,1,4-Hydroxybenzaldehyde,4-Hydroxybenzaldehyde,Up,1,,TRUE,TRUE
4-Hydroxybenzeneacetic acid,4-Hydroxybenzeneacetic acid,-1,4-Hydroxybenzeneacetic acid,4-Hydroxybenzeneacetic acid,Down,-1,,TRUE,TRUE
4-Hydroxybenzoic acid,4-Hydroxybenzoic acid,-1,4-Hydroxybenzoic acid,4-Hydroxybenzoic acid,Down,-1,,TRUE,TRUE
4-Hydroxybutanoic acid,4-Hydroxybutanoic acid,1,4-Hydroxybutanoic acid,4-Hydroxybutanoic acid,Up,1,,TRUE,TRUE
4-Hydroxyphenyllactic acid,4-Hydroxyphenyllactic acid,-1,4-Hydroxyphenyllactic acid,4-Hydroxyphenyllactic acid,Down,-1,,TRUE,TRUE
4-Methylvaleric acid,4-Methylvaleric acid,1,4-Methylvaleric acid,4-Methylvaleric acid,Up,1,,TRUE,TRUE
4-Pyridinol,4-Pyridinol,-1,4-Pyridinol,4-Pyridinol,Down,-1,,TRUE,TRUE
5-(2-Aminopropyl)-2-methylphenol,5-(2-Aminopropyl)-2-methylphenol,1,5-(2-Aminopropyl)-2-methylphenol,5-(2-Aminopropyl)-2-methylphenol,Up,1,,TRUE,TRUE
5-Aminovaleric acid,5-Aminovaleric acid,1,5-Aminovaleric acid,5-Aminovaleric acid,Up,1,,TRUE,TRUE
"5-Androsten-17alpha-methyl-3beta,17beta-diol","5-Androsten-17alpha-methyl-3beta,17beta-diol",-1,"5-Androsten-17alpha-methyl-3beta,17beta-diol","5-Androsten-17alpha-methyl-3beta,17beta-diol",Down,-1,,TRUE,TRUE
"5-Cholesten-3beta, 7alpha-bis[(trimethylsilyl)oxy]- ","5-Cholesten-3beta, 7alpha-bis[(trimethylsilyl)oxy]-",-1,"5-Cholesten-3beta, 7alpha-bis[(trimethylsilyl)oxy]- ","5-Cholesten-3beta, 7alpha-bis[(trimethylsilyl)oxy]-",Down,-1,,TRUE,TRUE
5-Ethyluracil,5-Ethyluracil,-1,5-Ethyluracil,5-Ethyluracil,Down,-1,,TRUE,TRUE
5-Henicosylresorcinol,5-Henicosylresorcinol,-1,5-Henicosylresorcinol,5-Henicosylresorcinol,Down,-1,,TRUE,TRUE
 5-Hydroxyhexanoic acid,5-Hydroxyhexanoic acid,-1,5-Hydroxyhexanoic acid,5-Hydroxyhexanoic acid,Down,-1,,TRUE,TRUE
5-Hydroxyquinoline,5-Hydroxyquinoline,-1,5-Hydroxyquinoline,5-Hydroxyquinoline,Down,-1,,TRUE,TRUE
5-Hydroxytryptophan,5-Hydroxytryptophan,-1,5-Hydroxytryptophan,5-Hydroxytryptophan,Down,-1,,TRUE,TRUE
"5,6-Dimethyl-4-phenyl-3-cyanopyridine-2(1H)-thione","5,6-Dimethyl-4-phenyl-3-cyanopyridine-2(1H)-thione",1,"5,6-Dimethyl-4-phenyl-3-cyanopyridine-2(1H)-thione","5,6-Dimethyl-4-phenyl-3-cyanopyridine-2(1H)-thione",Up,1,,TRUE,TRUE
"5alpha-Pregnane-3,20-dione","5alpha-Pregnane-3,20-dione",-1,"5alpha-Pregnane-3,20-dione","5alpha-Pregnane-3,20-dione",Down,-1,,TRUE,TRUE
6-Hydroxyflavone-beta-D-glucoside,6-Hydroxyflavone-beta-D-glucoside,-1,6-Hydroxyflavone-beta-D-glucoside,6-Hydroxyflavone-beta-D-glucoside,Down,-1,,TRUE,TRUE
"6-Methoxy-1-methyl-1,2,3,4-tetrahydroisoquinolin-7-ol ","6-Methoxy-1-methyl-1,2,3,4-tetrahydroisoquinolin-7-ol",-1,"6-Methoxy-1-methyl-1,2,3,4-tetrahydroisoquinolin-7-ol ","6-Methoxy-1-methyl-1,2,3,4-tetrahydroisoquinolin-7-ol",Down,-1,,TRUE,TRUE
"6,7,4'-Trihydroxyisoflavone","6,7,4'-Trihydroxyisoflavone",-1,"6,7,4'-Trihydroxyisoflavone","6,7,4'-Trihydroxyisoflavone",Down,-1,,TRUE,TRUE
"6,8-Dioxapentadecane","6,8-Dioxapentadecane",-1,"6,8-Dioxapentadecane","6,8-Dioxapentadecane",Down,-1,,TRUE,TRUE
7-(Trimethylsilyl)amino-4-methylcoumarin,7-(Trimethylsilyl)amino-4-methylcoumarin,-1,7-(Trimethylsilyl)amino-4-methylcoumarin,7-(Trimethylsilyl)amino-4-methylcoumarin,Down,-1,,TRUE,TRUE
"7-Acetyl-6-ethyl-1,1,4,4-tetramethyltetralin ","7-Acetyl-6-ethyl-1,1,4,4-tetramethyltetralin",1,"7-Acetyl-6-ethyl-1,1,4,4-tetramethyltetralin ","7-Acetyl-6-ethyl-1,1,4,4-tetramethyltetralin",Up,1,,TRUE,TRUE
"7-Isoquinolinol, 1,2,3,4-tetrahydro-1-[(4-hydroxyphenyl)methyl]-6-methoxy-","7-Isoquinolinol, 1,2,3,4-tetrahydro-1-[(4-hydroxyphenyl)methyl]-6-methoxy-",1,"7-Isoquinolinol, 1,2,3,4-tetrahydro-1-[(4-hydroxyphenyl)methyl]-6-methoxy-","7-Isoquinolinol, 1,2,3,4-tetrahydro-1-[(4-hydroxyphenyl)methyl]-6-methoxy-",Up,1,,TRUE,TRUE
9-Hexadecenoic acid,9-Hexadecenoic acid,1,9-Hexadecenoic acid,9-Hexadecenoic acid,Up,1,,TRUE,TRUE
9-Octadecenamide,9-Octadecenamide,-1,9-Octadecenamide,9-Octadecenamide,Down,-1,,TRUE,TRUE
9-Octadecenoic acid,9-Octadecenoic acid,-1,9-Octadecenoic acid,9-Octadecenoic acid,Down,-1,,TRUE,TRUE
"9,12-Octadecadienoic acid","9,12-Octadecadienoic acid",-1,"9,12-Octadecadienoic acid","9,12-Octadecadienoic acid",Down,-1,,TRUE,TRUE
"9H-Fluorene, 9-methylene-","9H-Fluorene, 9-methylene-",-1,"9H-Fluorene, 9-methylene-","9H-Fluorene, 9-methylene-",Down,-1,,TRUE,TRUE
"9H-Purine, 9-(trimethylsilyl)-2,6,8-tris[(trimethylsilyl)oxy]-","9H-Purine, 9-(trimethylsilyl)-2,6,8-tris[(trimethylsilyl)oxy]-",-1,"9H-Purine, 9-(trimethylsilyl)-2,6,8-tris[(trimethylsilyl)oxy]-","9H-Purine, 9-(trimethylsilyl)-2,6,8-tris[(trimethylsilyl)oxy]-",Down,-1,,TRUE,TRUE
"Acetamide, 2,2,2-trifluoro-","Acetamide, 2,2,2-trifluoro-",-1,"Acetamide, 2,2,2-trifluoro-","Acetamide, 2,2,2-trifluoro-",Down,-1,,TRUE,TRUE
"Acetamide, N,N-diethyl-","Acetamide, N,N-diethyl-",-1,"Acetamide, N,N-diethyl-","Acetamide, N,N-diethyl-",Down,-1,,TRUE,TRUE
"Acetic acid, bis[(trimethylsilyl)oxyl]-","Acetic acid, bis[(trimethylsilyl)oxyl]-",1,"Acetic acid, bis[(trimethylsilyl)oxyl]-","Acetic acid, bis[(trimethylsilyl)oxyl]-",Up,1,,TRUE,TRUE
"Acetin, bis-1,3-trimethylsilyl ether","Acetin, bis-1,3-trimethylsilyl ether",-1,"Acetin, bis-1,3-trimethylsilyl ether","Acetin, bis-1,3-trimethylsilyl ether",Down,-1,,TRUE,TRUE
Acetoacetic acid,Acetoacetic acid,-1,Acetoacetic acid,Acetoacetic acid,Down,-1,,TRUE,TRUE
"Acetohydrazide, 2-(2-isopropyl-5-methylphenoxy)-N2-benzylideno-","Acetohydrazide, 2-(2-isopropyl-5-methylphenoxy)-N2-benzylideno-",-1,"Acetohydrazide, 2-(2-isopropyl-5-methylphenoxy)-N2-benzylideno-","Acetohydrazide, 2-(2-isopropyl-5-methylphenoxy)-N2-benzylideno-",Down,-1,,TRUE,TRUE
Aceturic acid,Aceturic acid,-1,Aceturic acid,Aceturic acid,Down,-1,,TRUE,TRUE
Adipoyl-L-carnitine,Adipoyl-L-carnitine,-1,Adipoyl-L-carnitine,Adipoyl-L-carnitine,Down,-1,,TRUE,TRUE
Albizziin,Albizziin,-1,Albizziin,Albizziin,Down,-1,,TRUE,TRUE
Alloxanic acid,Alloxanic acid,-1,Alloxanic acid,Alloxanic acid,Down,-1,,TRUE,TRUE
Allylescaline ,Allylescaline,-1,Allylescaline,Allylescaline,Down,-1,,TRUE,TRUE
"alpha-L-Galactopyranoside, methyl 6-deoxy-, (R,R,R,S,S)-","alpha-L-Galactopyranoside, methyl 6-deoxy-, (R,R,R,S,S)-",-1,"alpha-L-Galactopyranoside, methyl 6-deoxy-, (R,R,R,S,S)-","alpha-L-Galactopyranoside, methyl 6-deoxy-, (R,R,R,S,S)-",Down,-1,,TRUE,TRUE
alpha-Linolenic acid,alpha-Linolenic acid,1,alpha-Linolenic acid,alpha-Linolenic acid,Up,1,,TRUE,TRUE
alpha-Tocopherol,alpha-Tocopherol,-1,alpha-Tocopherol,alpha-Tocopherol,Down,-1,,TRUE,TRUE
Ammeline,Ammeline,-1,Ammeline,Ammeline,Down,-1,,TRUE,TRUE
Arabinaric acid,Arabinaric acid,-1,Arabinaric acid,Arabinaric acid,Down,-1,,TRUE,TRUE
"Arabinofuranose, 1,2,3,5-tetrakis-O-","Arabinofuranose, 1,2,3,5-tetrakis-O-",-1,"Arabinofuranose, 1,2,3,5-tetrakis-O-","Arabinofuranose, 1,2,3,5-tetrakis-O-",Down,-1,,TRUE,TRUE
Arachidonic acid,Arachidonic acid,-1,Arachidonic acid,Arachidonic acid,Down,-1,,TRUE,TRUE
Arsenous acid,Arsenous acid,1,Arsenous acid,Arsenous acid,Up,1,,TRUE,TRUE
Aspartic acid,Aspartic acid,1,Aspartic acid,Aspartic acid,Up,1,,TRUE,TRUE
Atrazine desethyl,Atrazine desethyl,-1,Atrazine desethyl,Atrazine desethyl,Down,-1,,TRUE,TRUE
Azatadine,Azatadine,-1,Azatadine,Azatadine,Down,-1,,TRUE,TRUE
"Azetidine, 1-acetyl-2-methyl-","Azetidine, 1-acetyl-2-methyl-",-1,"Azetidine, 1-acetyl-2-methyl-","Azetidine, 1-acetyl-2-methyl-",Down,-1,,TRUE,TRUE
"Aziridine, 1-(2-buten-2-yl)-","Aziridine, 1-(2-buten-2-yl)-",-1,"Aziridine, 1-(2-buten-2-yl)-","Aziridine, 1-(2-buten-2-yl)-",Down,-1,,TRUE,TRUE
"Benzaldehyde, 2,5-dimethyl-","Benzaldehyde, 2,5-dimethyl-",-1,"Benzaldehyde, 2,5-dimethyl-","Benzaldehyde, 2,5-dimethyl-",Down,-1,,TRUE,TRUE
"Benzene, 1-acetoxy-2,6-dimethoxy-4-(2-propenyl)-","Benzene, 1-acetoxy-2,6-dimethoxy-4-(2-propenyl)-",1,"Benzene, 1-acetoxy-2,6-dimethoxy-4-(2-propenyl)-","Benzene, 1-acetoxy-2,6-dimethoxy-4-(2-propenyl)-",Up,1,,TRUE,TRUE
"Benzene, 1,1'-(1,2-cyclobutanediyl)bis-","Benzene, 1,1'-(1,2-cyclobutanediyl)bis-",1,"Benzene, 1,1'-(1,2-cyclobutanediyl)bis-","Benzene, 1,1'-(1,2-cyclobutanediyl)bis-",Up,1,,TRUE,TRUE
"Benzene, 1,3-bis(1,1-dimethylethyl)-","Benzene, 1,3-bis(1,1-dimethylethyl)-",1,"Benzene, 1,3-bis(1,1-dimethylethyl)-","Benzene, 1,3-bis(1,1-dimethylethyl)-",Up,1,,TRUE,TRUE
"Benzene, 3-cyclohexen-1-yl-","Benzene, 3-cyclohexen-1-yl-",1,"Benzene, 3-cyclohexen-1-yl-","Benzene, 3-cyclohexen-1-yl-",Up,1,,TRUE,TRUE
"Benzene, 4-ethenyl-1,2-dimethoxy-","Benzene, 4-ethenyl-1,2-dimethoxy-",-1,"Benzene, 4-ethenyl-1,2-dimethoxy-","Benzene, 4-ethenyl-1,2-dimethoxy-",Down,-1,,TRUE,TRUE
Benzeneacetamide,Benzeneacetamide,1,Benzeneacetamide,Benzeneacetamide,Up,1,,TRUE,TRUE
Benzeneacetic acid,Benzeneacetic acid,-1,Benzeneacetic acid,Benzeneacetic acid,Down,-1,,TRUE,TRUE
"Benzeneethanamine, N-[(pentafluorophenyl)methylene]-4-[(trimethylsilyl)oxy]-","Benzeneethanamine, N-[(pentafluorophenyl)methylene]-4-[(trimethylsilyl)oxy]-",1,"Benzeneethanamine, N-[(pentafluorophenyl)methylene]-4-[(trimethylsilyl)oxy]-","Benzeneethanamine, N-[(pentafluorophenyl)methylene]-4-[(trimethylsilyl)oxy]-",Up,1,,TRUE,TRUE
"Benzenemethanamine, 2,3-dimethoxy-","Benzenemethanamine, 2,3-dimethoxy-",1,"Benzenemethanamine, 2,3-dimethoxy-","Benzenemethanamine, 2,3-dimethoxy-",Up,1,,TRUE,TRUE
"Benzimidazole, 5-trifluoromethyl-2-methyl-","Benzimidazole, 5-trifluoromethyl-2-methyl-",-1,"Benzimidazole, 5-trifluoromethyl-2-methyl-","Benzimidazole, 5-trifluoromethyl-2-methyl-",Down,-1,,TRUE,TRUE
"Benzo[b]fluorene, 5-amino-7-methyl-1,2,3,4,6,7,8,9-octahydro-11-thia-10-aza-","Benzo[b]fluorene, 5-amino-7-methyl-1,2,3,4,6,7,8,9-octahydro-11-thia-10-aza-",-1,"Benzo[b]fluorene, 5-amino-7-methyl-1,2,3,4,6,7,8,9-octahydro-11-thia-10-aza-","Benzo[b]fluorene, 5-amino-7-methyl-1,2,3,4,6,7,8,9-octahydro-11-thia-10-aza-",Down,-1,,TRUE,TRUE
"Benzoic acid, methyl ester","Benzoic acid, methyl ester",1,"Benzoic acid, methyl ester","Benzoic acid, methyl ester",Up,1,,TRUE,TRUE
"Benzoic acid, pentadecyl ester","Benzoic acid, pentadecyl ester",-1,"Benzoic acid, pentadecyl ester","Benzoic acid, pentadecyl ester",Down,-1,,TRUE,TRUE
Benzophenone,Benzophenone,-1,Benzophenone,Benzophenone,Down,-1,,TRUE,TRUE
Benzyl alcohol,Benzyl alcohol,1,Benzyl alcohol,Benzyl alcohol,Up,1,,TRUE,TRUE
"beta-d-Fructopyranose, 1-deoxy-1-(4-morpholinyl)-2,3,4,5-tetrakis-O-(trimethylsilyl)-","beta-d-Fructopyranose, 1-deoxy-1-(4-morpholinyl)-2,3,4,5-tetrakis-O-(trimethylsilyl)-",-1,"beta-d-Fructopyranose, 1-deoxy-1-(4-morpholinyl)-2,3,4,5-tetrakis-O-(trimethylsilyl)-","beta-d-Fructopyranose, 1-deoxy-1-(4-morpholinyl)-2,3,4,5-tetrakis-O-(trimethylsilyl)-",Down,-1,,TRUE,TRUE
"beta-D-Galactofuranose, 1,2,3,5,6-pentakis-O-(trimethylsilyl)-","beta-D-Galactofuranose, 1,2,3,5,6-pentakis-O-(trimethylsilyl)-",-1,"beta-D-Galactofuranose, 1,2,3,5,6-pentakis-O-(trimethylsilyl)-","beta-D-Galactofuranose, 1,2,3,5,6-pentakis-O-(trimethylsilyl)-",Down,-1,,TRUE,TRUE
beta-D-Glucopyranose,beta-D-Glucopyranose,1,beta-D-Glucopyranose,beta-D-Glucopyranose,Up,1,,TRUE,TRUE
beta-Hydroxypyruvic acid,beta-Hydroxypyruvic acid,-1,beta-Hydroxypyruvic acid,beta-Hydroxypyruvic acid,Down,-1,,TRUE,TRUE
beta-Lyxopyranose,beta-Lyxopyranose,-1,beta-Lyxopyranose,beta-Lyxopyranose,Down,-1,,TRUE,TRUE
Bis(trimethylsilyl)acetylene,Bis(trimethylsilyl)acetylene,-1,Bis(trimethylsilyl)acetylene,Bis(trimethylsilyl)acetylene,Down,-1,,TRUE,TRUE
Boric acid,Boric acid,1,Boric acid,Boric acid,Up,1,,TRUE,TRUE
"Butanal, 2,3,4-tris[(trimethylsilyl)oxy]-, O-methyloxime, [R-(R*,R*)]-","Butanal, 2,3,4-tris[(trimethylsilyl)oxy]-, O-methyloxime, [R-(R*,R*)]-",-1,"Butanal, 2,3,4-tris[(trimethylsilyl)oxy]-, O-methyloxime, [R-(R*,R*)]-","Butanal, 2,3,4-tris[(trimethylsilyl)oxy]-, O-methyloxime, [R-(R*,R*)]-",Down,-1,,TRUE,TRUE
"Butanoic acid, 2-methyl-3-[(trimethylsilyl)oxy]-","Butanoic acid, 2-methyl-3-[(trimethylsilyl)oxy]-",-1,"Butanoic acid, 2-methyl-3-[(trimethylsilyl)oxy]-","Butanoic acid, 2-methyl-3-[(trimethylsilyl)oxy]-",Down,-1,,TRUE,TRUE
"Butanoic acid, 2,4-bis[(trimethylsilyl)oxy]-","Butanoic acid, 2,4-bis[(trimethylsilyl)oxy]-",-1,"Butanoic acid, 2,4-bis[(trimethylsilyl)oxy]-","Butanoic acid, 2,4-bis[(trimethylsilyl)oxy]-",Down,-1,,TRUE,TRUE
Butylated Hydroxytoluene,Butylated Hydroxytoluene,-1,Butylated Hydroxytoluene,Butylated Hydroxytoluene,Down,-1,,TRUE,TRUE
Butylmethylamine,Butylmethylamine,-1,Butylmethylamine,Butylmethylamine,Down,-1,,TRUE,TRUE
Cadaverine,Cadaverine,-1,Cadaverine,Cadaverine,Down,-1,,TRUE,TRUE
Campesterol,Campesterol,-1,Campesterol,Campesterol,Down,-1,,TRUE,TRUE
Carfentrazone-ethyl,Carfentrazone-ethyl,1,Carfentrazone-ethyl,Carfentrazone-ethyl,Up,1,,TRUE,TRUE
"Cephalotaxine, 3-deoxy-3,11-epoxy-, (3alpha,11alpha)-","Cephalotaxine, 3-deoxy-3,11-epoxy-, (3alpha,11alpha)-",1,"Cephalotaxine, 3-deoxy-3,11-epoxy-, (3alpha,11alpha)-","Cephalotaxine, 3-deoxy-3,11-epoxy-, (3alpha,11alpha)-",Up,1,,TRUE,TRUE
"Cetaben, N,O-bis(trimethylsilyl)-","Cetaben, N,O-bis(trimethylsilyl)-",-1,"Cetaben, N,O-bis(trimethylsilyl)-","Cetaben, N,O-bis(trimethylsilyl)-",Down,-1,,TRUE,TRUE
"Cholest-22-ene-21-ol, 3,5-dehydro-6-methoxy-, pivalate","Cholest-22-ene-21-ol, 3,5-dehydro-6-methoxy-, pivalate",-1,"Cholest-22-ene-21-ol, 3,5-dehydro-6-methoxy-, pivalate","Cholest-22-ene-21-ol, 3,5-dehydro-6-methoxy-, pivalate",Down,-1,,TRUE,TRUE
"Cholest-7-en-3-ol, (3beta,5alpha)-","Cholest-7-en-3-ol, (3beta,5alpha)-",1,"Cholest-7-en-3-ol, (3beta,5alpha)-","Cholest-7-en-3-ol, (3beta,5alpha)-",Up,1,,TRUE,TRUE
"Cholesta-3,5-dien-7-one","Cholesta-3,5-dien-7-one",-1,"Cholesta-3,5-dien-7-one","Cholesta-3,5-dien-7-one",Down,-1,,TRUE,TRUE
"Cholesta-3,5-diene ","Cholesta-3,5-diene",-1,"Cholesta-3,5-diene ","Cholesta-3,5-diene",Down,-1,,TRUE,TRUE
Cholesterol,Cholesterol,-1,Cholesterol,Cholesterol,Down,-1,,TRUE,TRUE
Cinnamic acid,Cinnamic acid,-1,Cinnamic acid,Cinnamic acid,Down,-1,,TRUE,TRUE
cis-4-Trimethylsilyloxy-cyclohexyl(trimethylsilyl)carboxylate,cis-4-Trimethylsilyloxy-cyclohexyl(trimethylsilyl)carboxylate,-1,cis-4-Trimethylsilyloxy-cyclohexyl(trimethylsilyl)carboxylate,cis-4-Trimethylsilyloxy-cyclohexyl(trimethylsilyl)carboxylate,Down,-1,,TRUE,TRUE
Citric acid,Citric acid,1,Citric acid,Citric acid,Up,1,,TRUE,TRUE
Cyclo-(l-leucyl-l-phenylalanyl) ,Cyclo-(l-leucyl-l-phenylalanyl),1,Cyclo-(l-leucyl-l-phenylalanyl),Cyclo-(l-leucyl-l-phenylalanyl),Up,1,,TRUE,TRUE
Cyclo(L-prolyl-L-valine) ,Cyclo(L-prolyl-L-valine),-1,Cyclo(L-prolyl-L-valine),Cyclo(L-prolyl-L-valine),Down,-1,,TRUE,TRUE
cyclobutanecarboxylic acid,cyclobutanecarboxylic acid,-1,cyclobutanecarboxylic acid,cyclobutanecarboxylic acid,Down,-1,,TRUE,TRUE
Cyclobutanol,Cyclobutanol,-1,Cyclobutanol,Cyclobutanol,Down,-1,,TRUE,TRUE
Cyclohexanol,Cyclohexanol,-1,Cyclohexanol,Cyclohexanol,Down,-1,,TRUE,TRUE
"Cyclohexene, 3-butyl-3-methyl-1-trimethylsilyloxy-","Cyclohexene, 3-butyl-3-methyl-1-trimethylsilyloxy-",-1,"Cyclohexene, 3-butyl-3-methyl-1-trimethylsilyloxy-","Cyclohexene, 3-butyl-3-methyl-1-trimethylsilyloxy-",Down,-1,,TRUE,TRUE
"Cyclopentaneacetic acid, 3-oxo-2-pentyl-","Cyclopentaneacetic acid, 3-oxo-2-pentyl-",-1,"Cyclopentaneacetic acid, 3-oxo-2-pentyl-","Cyclopentaneacetic acid, 3-oxo-2-pentyl-",Down,-1,,TRUE,TRUE
"Cyclopentanone, 2,2,4-trimethyl-","Cyclopentanone, 2,2,4-trimethyl-",-1,"Cyclopentanone, 2,2,4-trimethyl-","Cyclopentanone, 2,2,4-trimethyl-",Down,-1,,TRUE,TRUE
D-(-)-Citramalic acid,D-(-)-Citramalic acid,-1,D-(-)-Citramalic acid,D-(-)-Citramalic acid,Down,-1,,TRUE,TRUE
"D-(-)-Fructofuranose, pentakis","D-(-)-Fructofuranose, pentakis",1,"D-(-)-Fructofuranose, pentakis","D-(-)-Fructofuranose, pentakis",Up,1,,TRUE,TRUE
"D-(-)-Lyxose, tetrakis","D-(-)-Lyxose, tetrakis",-1,"D-(-)-Lyxose, tetrakis","D-(-)-Lyxose, tetrakis",Down,-1,,TRUE,TRUE
"D-(-)-Ribofuranose, tetrakis","D-(-)-Ribofuranose, tetrakis",1,"D-(-)-Ribofuranose, tetrakis","D-(-)-Ribofuranose, tetrakis",Up,1,,TRUE,TRUE
"D-(+)-Ribono-1,4-lactone (R,S,R)-","D-(+)-Ribono-1,4-lactone (R,S,R)-",-1,"D-(+)-Ribono-1,4-lactone (R,S,R)-","D-(+)-Ribono-1,4-lactone (R,S,R)-",Down,-1,,TRUE,TRUE
"D-(+)-Talofuranose, pentakis","D-(+)-Talofuranose, pentakis",1,"D-(+)-Talofuranose, pentakis","D-(+)-Talofuranose, pentakis",Up,1,,TRUE,TRUE
D-Arabinose,D-Arabinose,1,D-Arabinose,D-Arabinose,Up,1,,TRUE,TRUE
"D-Erythro-Pentofuranose, 2-deoxy-1,3-bis-O-","D-Erythro-Pentofuranose, 2-deoxy-1,3-bis-O-",-1,"D-Erythro-Pentofuranose, 2-deoxy-1,3-bis-O-","D-Erythro-Pentofuranose, 2-deoxy-1,3-bis-O-",Down,-1,,TRUE,TRUE
D-Fructose,D-Fructose,-1,D-Fructose,D-Fructose,Down,-1,,TRUE,TRUE
"D-Isoleucine, N-acetyl-","D-Isoleucine, N-acetyl-",-1,"D-Isoleucine, N-acetyl-","D-Isoleucine, N-acetyl-",Down,-1,,TRUE,TRUE
D-Leucylglycylglycine,D-Leucylglycylglycine,1,D-Leucylglycylglycine,D-Leucylglycylglycine,Up,1,,TRUE,TRUE
D-Mannose,D-Mannose,-1,D-Mannose,D-Mannose,Down,-1,,TRUE,TRUE
D-Proline,D-Proline,-1,D-Proline,D-Proline,Down,-1,,TRUE,TRUE
D-Ribose,D-Ribose,-1,D-Ribose,D-Ribose,Down,-1,,TRUE,TRUE
D-Threitol,D-Threitol,1,D-Threitol,D-Threitol,Up,1,,TRUE,TRUE
"D-Xylofuranose, 1,2,3,5-tetrakis-O-","D-Xylofuranose, 1,2,3,5-tetrakis-O-",-1,"D-Xylofuranose, 1,2,3,5-tetrakis-O-","D-Xylofuranose, 1,2,3,5-tetrakis-O-",Down,-1,,TRUE,TRUE
Decanoic acid,Decanoic acid,1,Decanoic acid,Decanoic acid,Up,1,,TRUE,TRUE
Dehydronorketamine,Dehydronorketamine,-1,Dehydronorketamine,Dehydronorketamine,Down,-1,,TRUE,TRUE
Delorazepam,Delorazepam,-1,Delorazepam,Delorazepam,Down,-1,,TRUE,TRUE
Deoxycholic Acid,Deoxycholic Acid,-1,Deoxycholic Acid,Deoxycholic Acid,Down,-1,,TRUE,TRUE
Desmosterol,Desmosterol,-1,Desmosterol,Desmosterol,Down,-1,,TRUE,TRUE
Dihydrouracil,Dihydrouracil,-1,Dihydrouracil,Dihydrouracil,Down,-1,,TRUE,TRUE
Dimethyl fumarate,Dimethyl fumarate,-1,Dimethyl fumarate,Dimethyl fumarate,Down,-1,,TRUE,TRUE
"Dimethyl hexopyranosiduronate, alpha-D-","Dimethyl hexopyranosiduronate, alpha-D-",1,"Dimethyl hexopyranosiduronate, alpha-D-","Dimethyl hexopyranosiduronate, alpha-D-",Up,1,,TRUE,TRUE
Dinoseb ,Dinoseb,-1,Dinoseb,Dinoseb,Down,-1,,TRUE,TRUE
Diphenyl ether,Diphenyl ether,-1,Diphenyl ether,Diphenyl ether,Down,-1,,TRUE,TRUE
DL-Glyceraldehyde,DL-Glyceraldehyde,-1,DL-Glyceraldehyde,DL-Glyceraldehyde,Down,-1,,TRUE,TRUE
DL-Ornithine,DL-Ornithine,-1,DL-Ornithine,DL-Ornithine,Down,-1,,TRUE,TRUE
DL-Phenylalanine,DL-Phenylalanine,-1,DL-Phenylalanine,DL-Phenylalanine,Down,-1,,TRUE,TRUE
"DL-Proline, 5-oxo-","DL-Proline, 5-oxo-",-1,"DL-Proline, 5-oxo-","DL-Proline, 5-oxo-",Down,-1,,TRUE,TRUE
Dobutamine,Dobutamine,1,Dobutamine,Dobutamine,Up,1,,TRUE,TRUE
Doconexent,Doconexent,1,Doconexent,Doconexent,Up,1,,TRUE,TRUE
"Dodecanamide, N-(2-hydroxyethyl)-","Dodecanamide, N-(2-hydroxyethyl)-",1,"Dodecanamide, N-(2-hydroxyethyl)-","Dodecanamide, N-(2-hydroxyethyl)-",Up,1,,TRUE,TRUE
"Dodecane, 4,6-dimethyl-","Dodecane, 4,6-dimethyl-",-1,"Dodecane, 4,6-dimethyl-","Dodecane, 4,6-dimethyl-",Down,-1,,TRUE,TRUE
Dodecanoic acid,Dodecanoic acid,-1,Dodecanoic acid,Dodecanoic acid,Down,-1,,TRUE,TRUE
"Dodecanoic acid, 1-methylethyl ester","Dodecanoic acid, 1-methylethyl ester",-1,"Dodecanoic acid, 1-methylethyl ester","Dodecanoic acid, 1-methylethyl ester",Down,-1,,TRUE,TRUE
Dodecylcyclohexane,Dodecylcyclohexane,-1,Dodecylcyclohexane,Dodecylcyclohexane,Down,-1,,TRUE,TRUE
Dopamine,Dopamine,1,Dopamine,Dopamine,Up,1,,TRUE,TRUE
Eicosapentaenoic acid,Eicosapentaenoic acid,-1,Eicosapentaenoic acid,Eicosapentaenoic acid,Down,-1,,TRUE,TRUE
Erythritol,Erythritol,-1,Erythritol,Erythritol,Down,-1,,TRUE,TRUE
"Erythrono-1,4-lactone, (Z)-","Erythrono-1,4-lactone, (Z)-",-1,"Erythrono-1,4-lactone, (Z)-","Erythrono-1,4-lactone, (Z)-",Down,-1,,TRUE,TRUE
"Ethanamine, N,N-diethyl-2,2-dimethyl-2-[(3,5-dimethoxy)phenyl]-","Ethanamine, N,N-diethyl-2,2-dimethyl-2-[(3,5-dimethoxy)phenyl]-",-1,"Ethanamine, N,N-diethyl-2,2-dimethyl-2-[(3,5-dimethoxy)phenyl]-","Ethanamine, N,N-diethyl-2,2-dimethyl-2-[(3,5-dimethoxy)phenyl]-",Down,-1,,TRUE,TRUE
Ethanolamine,Ethanolamine,-1,Ethanolamine,Ethanolamine,Down,-1,,TRUE,TRUE
"Ethanone, 1-(2,5-dimethoxyphenyl)-","Ethanone, 1-(2,5-dimethoxyphenyl)-",-1,"Ethanone, 1-(2,5-dimethoxyphenyl)-","Ethanone, 1-(2,5-dimethoxyphenyl)-",Down,-1,,TRUE,TRUE
"Ethanone, 1-(5-methoxy-2-methyl-3(1H)-indolyl)-","Ethanone, 1-(5-methoxy-2-methyl-3(1H)-indolyl)-",-1,"Ethanone, 1-(5-methoxy-2-methyl-3(1H)-indolyl)-","Ethanone, 1-(5-methoxy-2-methyl-3(1H)-indolyl)-",Down,-1,,TRUE,TRUE
Ethyl cis-2-trimethylsilyl-cyclopropane-1-carboxylate,Ethyl cis-2-trimethylsilyl-cyclopropane-1-carboxylate,-1,Ethyl cis-2-trimethylsilyl-cyclopropane-1-carboxylate,Ethyl cis-2-trimethylsilyl-cyclopropane-1-carboxylate,Down,-1,,TRUE,TRUE
"Furan, 2-pentyl-","Furan, 2-pentyl-",-1,"Furan, 2-pentyl-","Furan, 2-pentyl-",Down,-1,,TRUE,TRUE
Galactopyranose,Galactopyranose,1,Galactopyranose,Galactopyranose,Up,1,,TRUE,TRUE
Gln-Ala,Gln-Ala,-1,Gln-Ala,Gln-Ala,Down,-1,,TRUE,TRUE
Glucopyranose,Glucopyranose,-1,Glucopyranose,Glucopyranose,Down,-1,,TRUE,TRUE
Glucose,Glucose,-1,Glucose,Glucose,Down,-1,,TRUE,TRUE
Glyceric acid,Glyceric acid,-1,Glyceric acid,Glyceric acid,Down,-1,,TRUE,TRUE
Glycine,Glycine,-1,Glycine,Glycine,Down,-1,,TRUE,TRUE
"Glycine, N-(1-oxobutyl)-","Glycine, N-(1-oxobutyl)-",-1,"Glycine, N-(1-oxobutyl)-","Glycine, N-(1-oxobutyl)-",Down,-1,,TRUE,TRUE
"Glycine, N-(N-DL-leucylglycyl)-","Glycine, N-(N-DL-leucylglycyl)-",-1,"Glycine, N-(N-DL-leucylglycyl)-","Glycine, N-(N-DL-leucylglycyl)-",Down,-1,,TRUE,TRUE
"Glycine, N-[4-[(trimethylsilyl)oxy]benzoyl]-","Glycine, N-[4-[(trimethylsilyl)oxy]benzoyl]-",-1,"Glycine, N-[4-[(trimethylsilyl)oxy]benzoyl]-","Glycine, N-[4-[(trimethylsilyl)oxy]benzoyl]-",Down,-1,,TRUE,TRUE
Glycolic acid,Glycolic acid,-1,Glycolic acid,Glycolic acid,Down,-1,,TRUE,TRUE
Glyoxime,Glyoxime,-1,Glyoxime,Glyoxime,Down,-1,,TRUE,TRUE
Guanabenz,Guanabenz,-1,Guanabenz,Guanabenz,Down,-1,,TRUE,TRUE
Heptadecanoic acid,Heptadecanoic acid,-1,Heptadecanoic acid,Heptadecanoic acid,Down,-1,,TRUE,TRUE
Hexanedioic acid,Hexanedioic acid,-1,Hexanedioic acid,Hexanedioic acid,Down,-1,,TRUE,TRUE
Hexanoic acid,Hexanoic acid,-1,Hexanoic acid,Hexanoic acid,Down,-1,,TRUE,TRUE
Hydantoic acid,Hydantoic acid,-1,Hydantoic acid,Hydantoic acid,Down,-1,,TRUE,TRUE
Hydracrylic acid,Hydracrylic acid,-1,Hydracrylic acid,Hydracrylic acid,Down,-1,,TRUE,TRUE
Hydroquinidine,Hydroquinidine,-1,Hydroquinidine,Hydroquinidine,Down,-1,,TRUE,TRUE
Hydroquinone,Hydroquinone,1,Hydroquinone,Hydroquinone,Up,1,,TRUE,TRUE
Indole-3-carboxaldehyde,Indole-3-carboxaldehyde,-1,Indole-3-carboxaldehyde,Indole-3-carboxaldehyde,Down,-1,,TRUE,TRUE
Indole-3-lactic acid,Indole-3-lactic acid,-1,Indole-3-lactic acid,Indole-3-lactic acid,Down,-1,,TRUE,TRUE
Indole-5-carboxylic acid,Indole-5-carboxylic acid,-1,Indole-5-carboxylic acid,Indole-5-carboxylic acid,Down,-1,,TRUE,TRUE
"Inosose-2, 1,3,4,5,6-pentakis-","Inosose-2, 1,3,4,5,6-pentakis-",-1,"Inosose-2, 1,3,4,5,6-pentakis-","Inosose-2, 1,3,4,5,6-pentakis-",Down,-1,,TRUE,TRUE
Isofucosterol,Isofucosterol,-1,Isofucosterol,Isofucosterol,Down,-1,,TRUE,TRUE
Isonicotinic Acid,Isonicotinic Acid,1,Isonicotinic Acid,Isonicotinic Acid,Up,1,,TRUE,TRUE
Isopropyl palmitate,Isopropyl palmitate,-1,Isopropyl palmitate,Isopropyl palmitate,Down,-1,,TRUE,TRUE
Isoxaben,Isoxaben,-1,Isoxaben,Isoxaben,Down,-1,,TRUE,TRUE
Itaconic acid,Itaconic acid,-1,Itaconic acid,Itaconic acid,Down,-1,,TRUE,TRUE
Ketamine ,Ketamine,1,Ketamine,Ketamine,Up,1,,TRUE,TRUE
L-5-Oxoproline,L-5-Oxoproline,-1,L-5-Oxoproline,L-5-Oxoproline,Down,-1,,TRUE,TRUE
L-Alanine,L-Alanine,1,L-Alanine,L-Alanine,Up,1,,TRUE,TRUE
L-Asparagine,L-Asparagine,-1,L-Asparagine,L-Asparagine,Down,-1,,TRUE,TRUE
L-Aspartic acid,L-Aspartic acid,-1,L-Aspartic acid,L-Aspartic acid,Down,-1,,TRUE,TRUE
L-Cysteine,L-Cysteine,1,L-Cysteine,L-Cysteine,Up,1,,TRUE,TRUE
L-Glutamic acid,L-Glutamic acid,-1,L-Glutamic acid,L-Glutamic acid,Down,-1,,TRUE,TRUE
L-Glutamine,L-Glutamine,1,L-Glutamine,L-Glutamine,Up,1,,TRUE,TRUE
l-Histidine ethyl ester,l-Histidine ethyl ester,-1,l-Histidine ethyl ester,l-Histidine ethyl ester,Down,-1,,TRUE,TRUE
L-Hydroxyproline,L-Hydroxyproline,-1,L-Hydroxyproline,L-Hydroxyproline,Down,-1,,TRUE,TRUE
L-Isoleucine,L-Isoleucine,-1,L-Isoleucine,L-Isoleucine,Down,-1,,TRUE,TRUE
L-Leucine,L-Leucine,-1,L-Leucine,L-Leucine,Down,-1,,TRUE,TRUE
L-Lysine,L-Lysine,-1,L-Lysine,L-Lysine,Down,-1,,TRUE,TRUE
"L-Lysine, ethyl ester ","L-Lysine, ethyl ester",-1,"L-Lysine, ethyl ester ","L-Lysine, ethyl ester",Down,-1,,TRUE,TRUE
L-Norleucine,L-Norleucine,1,L-Norleucine,L-Norleucine,Up,1,,TRUE,TRUE
L-Threitol,L-Threitol,-1,L-Threitol,L-Threitol,Down,-1,,TRUE,TRUE
L-Tryptophan,L-Tryptophan,-1,L-Tryptophan,L-Tryptophan,Down,-1,,TRUE,TRUE
"L-Tryptophan, N-acetyl-1","L-Tryptophan, N-acetyl-1",-1,"L-Tryptophan, N-acetyl-1","L-Tryptophan, N-acetyl-1",Down,-1,,TRUE,TRUE
L-Tyrosine,L-Tyrosine,-1,L-Tyrosine,L-Tyrosine,Down,-1,,TRUE,TRUE
Lactic Acid,Lactic Acid,1,Lactic Acid,Lactic Acid,Up,1,,TRUE,TRUE
Latanoprost lactone diol,Latanoprost lactone diol,1,Latanoprost lactone diol,Latanoprost lactone diol,Up,1,,TRUE,TRUE
Levulinic acid,Levulinic acid,-1,Levulinic acid,Levulinic acid,Down,-1,,TRUE,TRUE
Malic acid,Malic acid,1,Malic acid,Malic acid,Up,1,,TRUE,TRUE
Metanephrine,Metanephrine,-1,Metanephrine,Metanephrine,Down,-1,,TRUE,TRUE
"Methyl (3,4-dimethoxyphenyl)(hydroxy)acetate","Methyl (3,4-dimethoxyphenyl)(hydroxy)acetate",-1,"Methyl (3,4-dimethoxyphenyl)(hydroxy)acetate","Methyl (3,4-dimethoxyphenyl)(hydroxy)acetate",Down,-1,,TRUE,TRUE
Methyl aminoacetate,Methyl aminoacetate,-1,Methyl aminoacetate,Methyl aminoacetate,Down,-1,,TRUE,TRUE
Methyl isovanillate,Methyl isovanillate,-1,Methyl isovanillate,Methyl isovanillate,Down,-1,,TRUE,TRUE
Methyl-3-methoxy-5-methyl benzoate,Methyl-3-methoxy-5-methyl benzoate,-1,Methyl-3-methoxy-5-methyl benzoate,Methyl-3-methoxy-5-methyl benzoate,Down,-1,,TRUE,TRUE
Methylmalonic monoamide,Methylmalonic monoamide,-1,Methylmalonic monoamide,Methylmalonic monoamide,Down,-1,,TRUE,TRUE
Mirin,Mirin,-1,Mirin,Mirin,Down,-1,,TRUE,TRUE
"Morpholine, 4-[2,3,4,6-tetrakis-O-(trimethylsilyl)-alpha-d-mannopyranosyl]-","Morpholine, 4-[2,3,4,6-tetrakis-O-(trimethylsilyl)-alpha-d-mannopyranosyl]-",1,"Morpholine, 4-[2,3,4,6-tetrakis-O-(trimethylsilyl)-alpha-d-mannopyranosyl]-","Morpholine, 4-[2,3,4,6-tetrakis-O-(trimethylsilyl)-alpha-d-mannopyranosyl]-",Up,1,,TRUE,TRUE
Myristic acid,Myristic acid,-1,Myristic acid,Myristic acid,Down,-1,,TRUE,TRUE
"N-(Trifluoroacetyl)-N,O,O'-tris(trimethylsilyl)normetanephrine","N-(Trifluoroacetyl)-N,O,O'-tris(trimethylsilyl)normetanephrine",-1,"N-(Trifluoroacetyl)-N,O,O'-tris(trimethylsilyl)normetanephrine","N-(Trifluoroacetyl)-N,O,O'-tris(trimethylsilyl)normetanephrine",Down,-1,,TRUE,TRUE
N-(Trimethylsilyl)hexanamide,N-(Trimethylsilyl)hexanamide,-1,N-(Trimethylsilyl)hexanamide,N-(Trimethylsilyl)hexanamide,Down,-1,,TRUE,TRUE
N-Acetyl-L-glutamic acid,N-Acetyl-L-glutamic acid,-1,N-Acetyl-L-glutamic acid,N-Acetyl-L-glutamic acid,Down,-1,,TRUE,TRUE
N-Acetyltyrosine,N-Acetyltyrosine,-1,N-Acetyltyrosine,N-Acetyltyrosine,Down,-1,,TRUE,TRUE
"N-isobutyl-2-(trimethylsilyloxy]-4,5-dihydro-1H-imidazole-1-carboxamide","N-isobutyl-2-(trimethylsilyloxy]-4,5-dihydro-1H-imidazole-1-carboxamide",-1,"N-isobutyl-2-(trimethylsilyloxy]-4,5-dihydro-1H-imidazole-1-carboxamide","N-isobutyl-2-(trimethylsilyloxy]-4,5-dihydro-1H-imidazole-1-carboxamide",Down,-1,,TRUE,TRUE
N-Isobutyrylglycine,N-Isobutyrylglycine,1,N-Isobutyrylglycine,N-Isobutyrylglycine,Up,1,,TRUE,TRUE
N-Isovaleroylglycine,N-Isovaleroylglycine,-1,N-Isovaleroylglycine,N-Isovaleroylglycine,Down,-1,,TRUE,TRUE
N-Methyl-N-(tetrahydro-2-furanylmethyl)-4-piperidinamine,N-Methyl-N-(tetrahydro-2-furanylmethyl)-4-piperidinamine,-1,N-Methyl-N-(tetrahydro-2-furanylmethyl)-4-piperidinamine,N-Methyl-N-(tetrahydro-2-furanylmethyl)-4-piperidinamine,Down,-1,,TRUE,TRUE
n-Pentadecanol,n-Pentadecanol,1,n-Pentadecanol,n-Pentadecanol,Up,1,,TRUE,TRUE
N-Valerylglycine,N-Valerylglycine,-1,N-Valerylglycine,N-Valerylglycine,Down,-1,,TRUE,TRUE
"N,9-bis(Trimethylsilyl)-6-[(trimethylsilyl)oxy]-9H-purin-2-amine","N,9-bis(Trimethylsilyl)-6-[(trimethylsilyl)oxy]-9H-purin-2-amine",-1,"N,9-bis(Trimethylsilyl)-6-[(trimethylsilyl)oxy]-9H-purin-2-amine","N,9-bis(Trimethylsilyl)-6-[(trimethylsilyl)oxy]-9H-purin-2-amine",Down,-1,,TRUE,TRUE
"N,N-Diethyl-2-aminoethanol","N,N-Diethyl-2-aminoethanol",-1,"N,N-Diethyl-2-aminoethanol","N,N-Diethyl-2-aminoethanol",Down,-1,,TRUE,TRUE
"N,N-Dimethyl-2-cyclohexyloxyethylamine","N,N-Dimethyl-2-cyclohexyloxyethylamine",-1,"N,N-Dimethyl-2-cyclohexyloxyethylamine","N,N-Dimethyl-2-cyclohexyloxyethylamine",Down,-1,,TRUE,TRUE
"N,O-Bis(trimethylsilyl)carbamate","N,O-Bis(trimethylsilyl)carbamate",-1,"N,O-Bis(trimethylsilyl)carbamate","N,O-Bis(trimethylsilyl)carbamate",Down,-1,,TRUE,TRUE
Naphthofluorescein,Naphthofluorescein,-1,Naphthofluorescein,Naphthofluorescein,Down,-1,,TRUE,TRUE
Neostigmine ,Neostigmine,-1,Neostigmine,Neostigmine,Down,-1,,TRUE,TRUE
Niacin,Niacin,1,Niacin,Niacin,Up,1,,TRUE,TRUE
Niacinamide,Niacinamide,1,Niacinamide,Niacinamide,Up,1,,TRUE,TRUE
Niclosamide,Niclosamide,-1,Niclosamide,Niclosamide,Down,-1,,TRUE,TRUE
Nitrosothymol,Nitrosothymol,-1,Nitrosothymol,Nitrosothymol,Down,-1,,TRUE,TRUE
Nonadecanoic acid,Nonadecanoic acid,-1,Nonadecanoic acid,Nonadecanoic acid,Down,-1,,TRUE,TRUE
Nonanal,Nonanal,-1,Nonanal,Nonanal,Down,-1,,TRUE,TRUE
Nonanoic acid,Nonanoic acid,1,Nonanoic acid,Nonanoic acid,Up,1,,TRUE,TRUE
Norketamine,Norketamine,1,Norketamine,Norketamine,Up,1,,TRUE,TRUE
"O-Methyl-N,N'-diisopropylisourea ","O-Methyl-N,N'-diisopropylisourea",1,"O-Methyl-N,N'-diisopropylisourea ","O-Methyl-N,N'-diisopropylisourea",Up,1,,TRUE,TRUE
Octan-2-yl palmitate,Octan-2-yl palmitate,1,Octan-2-yl palmitate,Octan-2-yl palmitate,Up,1,,TRUE,TRUE
"Octane, 1-propoxy-","Octane, 1-propoxy-",1,"Octane, 1-propoxy-","Octane, 1-propoxy-",Up,1,,TRUE,TRUE
Octanoic acid,Octanoic acid,1,Octanoic acid,Octanoic acid,Up,1,,TRUE,TRUE
Octocrylene,Octocrylene,-1,Octocrylene,Octocrylene,Down,-1,,TRUE,TRUE
Octopamine,Octopamine,1,Octopamine,Octopamine,Up,1,,TRUE,TRUE
Ornithine,Ornithine,-1,Ornithine,Ornithine,Down,-1,,TRUE,TRUE
Oxalic acid,Oxalic acid,1,Oxalic acid,Oxalic acid,Up,1,,TRUE,TRUE
p-Hydroxydiisopropylbenzene,p-Hydroxydiisopropylbenzene,-1,p-Hydroxydiisopropylbenzene,p-Hydroxydiisopropylbenzene,Down,-1,,TRUE,TRUE
p-Toluic acid,p-Toluic acid,-1,p-Toluic acid,p-Toluic acid,Down,-1,,TRUE,TRUE
Palmitelaidic acid,Palmitelaidic acid,-1,Palmitelaidic acid,Palmitelaidic acid,Down,-1,,TRUE,TRUE
Palmitic Acid,Palmitic Acid,1,Palmitic Acid,Palmitic Acid,Up,1,,TRUE,TRUE
Pentadecanoic acid,Pentadecanoic acid,-1,Pentadecanoic acid,Pentadecanoic acid,Down,-1,,TRUE,TRUE
"Pentanedioic acid, 2-[(trimethylsilyl)oxy]-","Pentanedioic acid, 2-[(trimethylsilyl)oxy]-",1,"Pentanedioic acid, 2-[(trimethylsilyl)oxy]-","Pentanedioic acid, 2-[(trimethylsilyl)oxy]-",Up,1,,TRUE,TRUE
"Pentanedioic acid, 3-methyl-3-[(trimethylsilyl)oxy]-","Pentanedioic acid, 3-methyl-3-[(trimethylsilyl)oxy]-",-1,"Pentanedioic acid, 3-methyl-3-[(trimethylsilyl)oxy]-","Pentanedioic acid, 3-methyl-3-[(trimethylsilyl)oxy]-",Down,-1,,TRUE,TRUE
"Pentenoic acid, 4-[(trimethylsilyl)oxy]-","Pentenoic acid, 4-[(trimethylsilyl)oxy]-",-1,"Pentenoic acid, 4-[(trimethylsilyl)oxy]-","Pentenoic acid, 4-[(trimethylsilyl)oxy]-",Down,-1,,TRUE,TRUE
Pentylone,Pentylone,1,Pentylone,Pentylone,Up,1,,TRUE,TRUE
"Phenol, 3,5-bis(1,1-dimethylethyl)-","Phenol, 3,5-bis(1,1-dimethylethyl)-",1,"Phenol, 3,5-bis(1,1-dimethylethyl)-","Phenol, 3,5-bis(1,1-dimethylethyl)-",Up,1,,TRUE,TRUE
Phenoxyacetic acid,Phenoxyacetic acid,-1,Phenoxyacetic acid,Phenoxyacetic acid,Down,-1,,TRUE,TRUE
Phenylalanine,Phenylalanine,-1,Phenylalanine,Phenylalanine,Down,-1,,TRUE,TRUE
Phenylpropanolamine,Phenylpropanolamine,1,Phenylpropanolamine,Phenylpropanolamine,Up,1,,TRUE,TRUE
Phlorizin,Phlorizin,-1,Phlorizin,Phlorizin,Down,-1,,TRUE,TRUE
Phloroglucinol,Phloroglucinol,-1,Phloroglucinol,Phloroglucinol,Down,-1,,TRUE,TRUE
Phosalone,Phosalone,1,Phosalone,Phosalone,Up,1,,TRUE,TRUE
Phthalazin-1-one,Phthalazin-1-one,1,Phthalazin-1-one,Phthalazin-1-one,Up,1,,TRUE,TRUE
Pimelic acid,Pimelic acid,-1,Pimelic acid,Pimelic acid,Down,-1,,TRUE,TRUE
Pipecolic acid,Pipecolic acid,-1,Pipecolic acid,Pipecolic acid,Down,-1,,TRUE,TRUE
"Pregn-16-en-20-one, 3,18-bis(acetyloxy)-14,15-epoxy-, (3beta,5alpha,14beta,15beta)-","Pregn-16-en-20-one, 3,18-bis(acetyloxy)-14,15-epoxy-, (3beta,5alpha,14beta,15beta)-",-1,"Pregn-16-en-20-one, 3,18-bis(acetyloxy)-14,15-epoxy-, (3beta,5alpha,14beta,15beta)-","Pregn-16-en-20-one, 3,18-bis(acetyloxy)-14,15-epoxy-, (3beta,5alpha,14beta,15beta)-",Down,-1,,TRUE,TRUE
"Propanetriol, 2-methyl-","Propanetriol, 2-methyl-",-1,"Propanetriol, 2-methyl-","Propanetriol, 2-methyl-",Down,-1,,TRUE,TRUE
"Propanoic acid, 2-methyl-","Propanoic acid, 2-methyl-",1,"Propanoic acid, 2-methyl-","Propanoic acid, 2-methyl-",Up,1,,TRUE,TRUE
"Propanoic acid, 2-oxo-","Propanoic acid, 2-oxo-",-1,"Propanoic acid, 2-oxo-","Propanoic acid, 2-oxo-",Down,-1,,TRUE,TRUE
"Propiophenone, 3',4'-dimethoxy-","Propiophenone, 3',4'-dimethoxy-",1,"Propiophenone, 3',4'-dimethoxy-","Propiophenone, 3',4'-dimethoxy-",Up,1,,TRUE,TRUE
Propylamine,Propylamine,-1,Propylamine,Propylamine,Down,-1,,TRUE,TRUE
"Pyrazine, 3,6-dihydro-3,6-dimethyl-","Pyrazine, 3,6-dihydro-3,6-dimethyl-",1,"Pyrazine, 3,6-dihydro-3,6-dimethyl-","Pyrazine, 3,6-dihydro-3,6-dimethyl-",Up,1,,TRUE,TRUE
"Pyrazine, 3,6-dimethyl-2,5-bis(trimethylsilyloxy)-","Pyrazine, 3,6-dimethyl-2,5-bis(trimethylsilyloxy)-",1,"Pyrazine, 3,6-dimethyl-2,5-bis(trimethylsilyloxy)-","Pyrazine, 3,6-dimethyl-2,5-bis(trimethylsilyloxy)-",Up,1,,TRUE,TRUE
"Pyrimidine, 5-methyl-2,4-bis[(trimethylsilyl)oxy]-","Pyrimidine, 5-methyl-2,4-bis[(trimethylsilyl)oxy]-",-1,"Pyrimidine, 5-methyl-2,4-bis[(trimethylsilyl)oxy]-","Pyrimidine, 5-methyl-2,4-bis[(trimethylsilyl)oxy]-",Down,-1,,TRUE,TRUE
Pyrrole-2-carboxylic acid,Pyrrole-2-carboxylic acid,-1,Pyrrole-2-carboxylic acid,Pyrrole-2-carboxylic acid,Down,-1,,TRUE,TRUE
Quazodine,Quazodine,1,Quazodine,Quazodine,Up,1,,TRUE,TRUE
"Quinolin-4-one, 1-[2-(3,4-dimethoxyphenyl)ethyl]-octahydro-","Quinolin-4-one, 1-[2-(3,4-dimethoxyphenyl)ethyl]-octahydro-",1,"Quinolin-4-one, 1-[2-(3,4-dimethoxyphenyl)ethyl]-octahydro-","Quinolin-4-one, 1-[2-(3,4-dimethoxyphenyl)ethyl]-octahydro-",Up,1,,TRUE,TRUE
Ribitol,Ribitol,-1,Ribitol,Ribitol,Down,-1,,TRUE,TRUE
"Ribonic acid, 2,3,4,5-tetrakis-","Ribonic acid, 2,3,4,5-tetrakis-",1,"Ribonic acid, 2,3,4,5-tetrakis-","Ribonic acid, 2,3,4,5-tetrakis-",Up,1,,TRUE,TRUE
S-Methyl-L-cysteine,S-Methyl-L-cysteine,-1,S-Methyl-L-cysteine,S-Methyl-L-cysteine,Down,-1,,TRUE,TRUE
Salsoline,Salsoline,-1,Salsoline,Salsoline,Down,-1,,TRUE,TRUE
Ser-Leu,Ser-Leu,1,Ser-Leu,Ser-Leu,Up,1,,TRUE,TRUE
Sertraline carbamoyl glucuronide,Sertraline carbamoyl glucuronide,-1,Sertraline carbamoyl glucuronide,Sertraline carbamoyl glucuronide,Down,-1,,TRUE,TRUE
Stearic acid,Stearic acid,-1,Stearic acid,Stearic acid,Down,-1,,TRUE,TRUE
"Stigmast-5-ene, 3beta-","Stigmast-5-ene, 3beta-",-1,"Stigmast-5-ene, 3beta-","Stigmast-5-ene, 3beta-",Down,-1,,TRUE,TRUE
Suberic acid,Suberic acid,-1,Suberic acid,Suberic acid,Down,-1,,TRUE,TRUE
Succinic anhydride,Succinic anhydride,-1,Succinic anhydride,Succinic anhydride,Down,-1,,TRUE,TRUE
"Tacrine, N-trimethylsilyl-","Tacrine, N-trimethylsilyl-",-1,"Tacrine, N-trimethylsilyl-","Tacrine, N-trimethylsilyl-",Down,-1,,TRUE,TRUE
Tartronic acid,Tartronic acid,-1,Tartronic acid,Tartronic acid,Down,-1,,TRUE,TRUE
Tetradecanenitrile,Tetradecanenitrile,1,Tetradecanenitrile,Tetradecanenitrile,Up,1,,TRUE,TRUE
"Thiazolo[4,5-f]quinoline, 2,9-dimethyl-","Thiazolo[4,5-f]quinoline, 2,9-dimethyl-",1,"Thiazolo[4,5-f]quinoline, 2,9-dimethyl-","Thiazolo[4,5-f]quinoline, 2,9-dimethyl-",Up,1,,TRUE,TRUE
"Thymine, 1,3-dimethyl-6-(trimethylsilyloxymethyl)-","Thymine, 1,3-dimethyl-6-(trimethylsilyloxymethyl)-",-1,"Thymine, 1,3-dimethyl-6-(trimethylsilyloxymethyl)-","Thymine, 1,3-dimethyl-6-(trimethylsilyloxymethyl)-",Down,-1,,TRUE,TRUE
Tributyl acetylcitrate,Tributyl acetylcitrate,1,Tributyl acetylcitrate,Tributyl acetylcitrate,Up,1,,TRUE,TRUE
Triethanolamine,Triethanolamine,-1,Triethanolamine,Triethanolamine,Down,-1,,TRUE,TRUE
"Trimethylsilyl (5-benzyl-3,6-dioxopiperazin-2-yl)acetate","Trimethylsilyl (5-benzyl-3,6-dioxopiperazin-2-yl)acetate",-1,"Trimethylsilyl (5-benzyl-3,6-dioxopiperazin-2-yl)acetate","Trimethylsilyl (5-benzyl-3,6-dioxopiperazin-2-yl)acetate",Down,-1,,TRUE,TRUE
Trimethylsilyl 3-((trimethylsilyl)thio)propanoate,Trimethylsilyl 3-((trimethylsilyl)thio)propanoate,-1,Trimethylsilyl 3-((trimethylsilyl)thio)propanoate,Trimethylsilyl 3-((trimethylsilyl)thio)propanoate,Down,-1,,TRUE,TRUE
Trimethylsilyl oct-2-enoate ,Trimethylsilyl oct-2-enoate,-1,Trimethylsilyl oct-2-enoate,Trimethylsilyl oct-2-enoate,Down,-1,,TRUE,TRUE
Trimidox,Trimidox,1,Trimidox,Trimidox,Up,1,,TRUE,TRUE
Trisaminol,Trisaminol,1,Trisaminol,Trisaminol,Up,1,,TRUE,TRUE
Uracil,Uracil,-1,Uracil,Uracil,Down,-1,,TRUE,TRUE
Uridine,Uridine,-1,Uridine,Uridine,Down,-1,,TRUE,TRUE
Vanillylmandelic acid,Vanillylmandelic acid,-1,Vanillylmandelic acid,Vanillylmandelic acid,Down,-1,,TRUE,TRUE
Xylazine,Xylazine,-1,Xylazine,Xylazine,Down,-1,,TRUE,TRUE
Xylitol,Xylitol,1,Xylitol,Xylitol,Up,1,,TRUE,TRUE
Xylose,Xylose,-1,Xylose,Xylose,Down,-1,,TRUE,TRUE