Node 1 Name,Node 1 Tissue,Node 2 Name,Node 2 Tissue,edge_dir
Cope,Choroid Plexus,"2,4-Di-tert-butylphenol",Feces,-1
Spmip6,Choroid Plexus,"2,4-Di-tert-butylphenol",Feces,-1
Vps37d,Choroid Plexus,"2,4-Di-tert-butylphenol",Feces,-1
Nedd4,Choroid Plexus,L-Valine,Feces,1
Wbp11,Choroid Plexus,L-Valine,Feces,1
Usf3,Choroid Plexus,L-Valine,Feces,1
Fn3krp,Choroid Plexus,L-Valine,Feces,1
Pak2,Choroid Plexus,L-Valine,Feces,1
Cebpz,Choroid Plexus,L-Valine,Feces,1
Kin,Choroid Plexus,L-Valine,Feces,1
Ibtk,Choroid Plexus,L-Valine,Feces,1
Ctdspl2,Choroid Plexus,L-Valine,Feces,1
Pabpc1,Choroid Plexus,L-Valine,Feces,1
Kif2a,Choroid Plexus,L-Valine,Feces,1
Arhgef12,Choroid Plexus,L-Valine,Feces,1
Arhgap5,Choroid Plexus,L-Valine,Feces,1
Slk,Choroid Plexus,L-Valine,Feces,1
Cdkn1c,Choroid Plexus,L-Valine,Feces,1
Smim10l1,Choroid Plexus,L-Valine,Feces,1
Ap3b1,Choroid Plexus,L-Valine,Feces,1
Wasl,Choroid Plexus,L-Valine,Feces,1
Gsk3b,Choroid Plexus,L-Valine,Feces,1
D630036H23Rik,Choroid Plexus,L-Valine,Feces,1
Pbx1,Choroid Plexus,L-Valine,Feces,1
Tulp4,Choroid Plexus,L-Valine,Feces,1
Wbp4,Choroid Plexus,L-Valine,Feces,1
Vps13b,Choroid Plexus,L-Valine,Feces,1
Setx,Choroid Plexus,L-Valine,Feces,1
Pcmtd1,Choroid Plexus,L-Valine,Feces,1
Mafg,Choroid Plexus,L-Valine,Feces,1
B230219D22Rik,Choroid Plexus,L-Valine,Feces,1
Stag2,Choroid Plexus,L-Valine,Feces,1
Phactr2,Choroid Plexus,L-Valine,Feces,1
Fcho2,Choroid Plexus,L-Valine,Feces,1
Smarca5,Choroid Plexus,L-Valine,Feces,1
Gtpbp4,Choroid Plexus,L-Valine,Feces,1
Vps36,Choroid Plexus,L-Valine,Feces,1
Mob4,Choroid Plexus,Deoxyglucose,Feces,-1
Igfbp6,Choroid Plexus,Deoxyglucose,Feces,-1
Silc1,Choroid Plexus,Vanillin,Feces,-1
Adcy9,Choroid Plexus,Vanillin,Feces,-1
Cdkn1c,Choroid Plexus,Vanillin,Feces,1
Gm43568,Choroid Plexus,Vanillin,Feces,1
Smim10l1,Choroid Plexus,Vanillin,Feces,1
Rdx,Choroid Plexus,Vanillin,Feces,1
Golm2,Choroid Plexus,Vanillin,Feces,1
Cnih2,Choroid Plexus,Vanillin,Feces,-1
Osgepl1,Choroid Plexus,Vanillin,Feces,1
Atn1,Choroid Plexus,Vanillin,Feces,1
Map3k5,Choroid Plexus,Vanillin,Feces,1
Ptgr3,Choroid Plexus,Vanillin,Feces,1
Serpinb8,Choroid Plexus,Vanillin,Feces,1
Gsta4,Choroid Plexus,Vanillin,Feces,1
Dnajc21,Choroid Plexus,"beta-d-Glucopyranose, 2-(acetylamino)-3,6-anhydro-2-deoxy",Feces,1
Bhmt2,Choroid Plexus,"beta-d-Glucopyranose, 2-(acetylamino)-3,6-anhydro-2-deoxy",Feces,1
Psma4,Choroid Plexus,"beta-d-Glucopyranose, 2-(acetylamino)-3,6-anhydro-2-deoxy",Feces,1
Prxl2c,Choroid Plexus,"beta-d-Glucopyranose, 2-(acetylamino)-3,6-anhydro-2-deoxy",Feces,1
Smim10l1,Choroid Plexus,"beta-d-Glucopyranose, 2-(acetylamino)-3,6-anhydro-2-deoxy",Feces,1
Asb8,Choroid Plexus,"beta-d-Glucopyranose, 2-(acetylamino)-3,6-anhydro-2-deoxy",Feces,-1
Wbp4,Choroid Plexus,"beta-d-Glucopyranose, 2-(acetylamino)-3,6-anhydro-2-deoxy",Feces,1
Setx,Choroid Plexus,"beta-d-Glucopyranose, 2-(acetylamino)-3,6-anhydro-2-deoxy",Feces,1
Cep57,Choroid Plexus,"beta-d-Glucopyranose, 2-(acetylamino)-3,6-anhydro-2-deoxy",Feces,1
Ofd1,Choroid Plexus,"beta-d-Glucopyranose, 2-(acetylamino)-3,6-anhydro-2-deoxy",Feces,1
Efhb,Choroid Plexus,"beta-d-Glucopyranose, 2-(acetylamino)-3,6-anhydro-2-deoxy",Feces,1
Vmp1,Choroid Plexus,"beta-d-Glucopyranose, 2-(acetylamino)-3,6-anhydro-2-deoxy",Feces,-1
Zfp1007,Choroid Plexus,"beta-d-Glucopyranose, 2-(acetylamino)-3,6-anhydro-2-deoxy",Feces,1
Gtpbp4,Choroid Plexus,"beta-d-Glucopyranose, 2-(acetylamino)-3,6-anhydro-2-deoxy",Feces,1
Wbp11,Choroid Plexus,"2-Propenoic acid, 2-hydroxy-3-(4-hydroxyphenyl)",Feces,1
Wbp11,Choroid Plexus,L-Aspartic acid,Feces,1
Wbp11,Choroid Plexus,Methylsuccinic acid,Feces,1
Ibtk,Choroid Plexus,"2-Propenoic acid, 2-hydroxy-3-(4-hydroxyphenyl)",Feces,1
Ctdspl2,Choroid Plexus,"2-Propenoic acid, 2-hydroxy-3-(4-hydroxyphenyl)",Feces,1
Srebf2,Choroid Plexus,"2-Propenoic acid, 2-hydroxy-3-(4-hydroxyphenyl)",Feces,-1
Gpaa1,Choroid Plexus,"2-Propenoic acid, 2-hydroxy-3-(4-hydroxyphenyl)",Feces,-1
Ap3b1,Choroid Plexus,"2-Propenoic acid, 2-hydroxy-3-(4-hydroxyphenyl)",Feces,1
Rhob,Choroid Plexus,"2-Propenoic acid, 2-hydroxy-3-(4-hydroxyphenyl)",Feces,-1
Pi4ka,Choroid Plexus,"2-Propenoic acid, 2-hydroxy-3-(4-hydroxyphenyl)",Feces,-1
Pbx1,Choroid Plexus,"2-Propenoic acid, 2-hydroxy-3-(4-hydroxyphenyl)",Feces,1
Tulp4,Choroid Plexus,"2-Propenoic acid, 2-hydroxy-3-(4-hydroxyphenyl)",Feces,1
Vps13b,Choroid Plexus,"2-Propenoic acid, 2-hydroxy-3-(4-hydroxyphenyl)",Feces,1
Setx,Choroid Plexus,"2-Propenoic acid, 2-hydroxy-3-(4-hydroxyphenyl)",Feces,1
Pja2,Choroid Plexus,"2-Propenoic acid, 2-hydroxy-3-(4-hydroxyphenyl)",Feces,1
Dync1h1,Choroid Plexus,"2-Propenoic acid, 2-hydroxy-3-(4-hydroxyphenyl)",Feces,-1
Tceal8,Choroid Plexus,"2-Propenoic acid, 2-hydroxy-3-(4-hydroxyphenyl)",Feces,1
Vps36,Choroid Plexus,"2-Propenoic acid, 2-hydroxy-3-(4-hydroxyphenyl)",Feces,1
Ibtk,Choroid Plexus,L-Aspartic acid,Feces,1
Ctdspl2,Choroid Plexus,L-Aspartic acid,Feces,1
Kcmf1,Choroid Plexus,L-Aspartic acid,Feces,1
Cep78,Choroid Plexus,L-Aspartic acid,Feces,1
Ibtk,Choroid Plexus,Methylsuccinic acid,Feces,1
Apc2,Choroid Plexus,Methylsuccinic acid,Feces,-1
Mtpn,Choroid Plexus,Methylsuccinic acid,Feces,1
Pthlh,Choroid Plexus,Methylsuccinic acid,Feces,1
Serpinb8,Choroid Plexus,Methylsuccinic acid,Feces,1
Plgrkt,Choroid Plexus,2-Pyrrolidinone,Feces,1
Plgrkt,Choroid Plexus,Decyl oleate,Feces,1
Plgrkt,Choroid Plexus,DL-Phenylalanine,Feces,1
Plgrkt,Choroid Plexus,"Gluconolactone (3R,4S,5R,6R)",Feces,1
Plgrkt,Choroid Plexus,L-Isoleucine,Feces,1
Dek,Choroid Plexus,2-Pyrrolidinone,Feces,1
Cdkn1c,Choroid Plexus,2-Pyrrolidinone,Feces,1
Upf2,Choroid Plexus,2-Pyrrolidinone,Feces,1
Atn1,Choroid Plexus,2-Pyrrolidinone,Feces,1
Dnajc7,Choroid Plexus,Decyl oleate,Feces,-1
4930550C14Rik,Choroid Plexus,Decyl oleate,Feces,1
Opa1,Choroid Plexus,Decyl oleate,Feces,1
Jph1,Choroid Plexus,Decyl oleate,Feces,1
Pak2,Choroid Plexus,DL-Phenylalanine,Feces,1
Cebpz,Choroid Plexus,DL-Phenylalanine,Feces,1
Ibtk,Choroid Plexus,DL-Phenylalanine,Feces,1
Ctdspl2,Choroid Plexus,DL-Phenylalanine,Feces,1
Lmtk3,Choroid Plexus,DL-Phenylalanine,Feces,-1
Cyyr1,Choroid Plexus,DL-Phenylalanine,Feces,1
Cdkn1c,Choroid Plexus,DL-Phenylalanine,Feces,1
Ap3b1,Choroid Plexus,DL-Phenylalanine,Feces,1
Rhob,Choroid Plexus,DL-Phenylalanine,Feces,-1
Mtpn,Choroid Plexus,DL-Phenylalanine,Feces,1
Pi4ka,Choroid Plexus,DL-Phenylalanine,Feces,-1
Pbx1,Choroid Plexus,DL-Phenylalanine,Feces,1
Tulp4,Choroid Plexus,DL-Phenylalanine,Feces,1
Wbp4,Choroid Plexus,DL-Phenylalanine,Feces,1
Vps13b,Choroid Plexus,DL-Phenylalanine,Feces,1
Setx,Choroid Plexus,DL-Phenylalanine,Feces,1
Fundc2,Choroid Plexus,DL-Phenylalanine,Feces,1
Stag2,Choroid Plexus,DL-Phenylalanine,Feces,1
Phactr2,Choroid Plexus,DL-Phenylalanine,Feces,1
Smarca5,Choroid Plexus,DL-Phenylalanine,Feces,1
Dhx9,Choroid Plexus,DL-Phenylalanine,Feces,1
Adcy9,Choroid Plexus,"Gluconolactone (3R,4S,5R,6R)",Feces,-1
Nfe2l2,Choroid Plexus,"Gluconolactone (3R,4S,5R,6R)",Feces,1
Dynlt2b,Choroid Plexus,"Gluconolactone (3R,4S,5R,6R)",Feces,1
Gm43568,Choroid Plexus,"Gluconolactone (3R,4S,5R,6R)",Feces,1
Smim10l1,Choroid Plexus,"Gluconolactone (3R,4S,5R,6R)",Feces,1
Gnas,Choroid Plexus,"Gluconolactone (3R,4S,5R,6R)",Feces,1
5430402O13Rik,Choroid Plexus,"Gluconolactone (3R,4S,5R,6R)",Feces,1
Fn3krp,Choroid Plexus,L-Isoleucine,Feces,1
Ctdspl2,Choroid Plexus,L-Isoleucine,Feces,1
Pdlim5,Choroid Plexus,L-Isoleucine,Feces,1
Lmtk3,Choroid Plexus,L-Isoleucine,Feces,-1
Cyyr1,Choroid Plexus,L-Isoleucine,Feces,1
Lepr,Choroid Plexus,L-Isoleucine,Feces,1
Osbp,Choroid Plexus,L-Isoleucine,Feces,1
Klf3,Choroid Plexus,L-Isoleucine,Feces,1
Ccdc148,Choroid Plexus,L-Isoleucine,Feces,1
Cdkn1c,Choroid Plexus,L-Isoleucine,Feces,1
Mrps18a,Choroid Plexus,L-Isoleucine,Feces,-1
Smim10l1,Choroid Plexus,L-Isoleucine,Feces,1
Stk26,Choroid Plexus,L-Isoleucine,Feces,1
Iqgap2,Choroid Plexus,L-Isoleucine,Feces,1
Gnas,Choroid Plexus,L-Isoleucine,Feces,1
Pi4ka,Choroid Plexus,L-Isoleucine,Feces,-1
Pbx1,Choroid Plexus,L-Isoleucine,Feces,1
Golm2,Choroid Plexus,L-Isoleucine,Feces,1
Vps13b,Choroid Plexus,L-Isoleucine,Feces,1
Ahcyl2,Choroid Plexus,L-Isoleucine,Feces,1
Myof,Choroid Plexus,L-Isoleucine,Feces,1
Nsmf,Choroid Plexus,L-Isoleucine,Feces,-1
Serp2,Choroid Plexus,L-Isoleucine,Feces,-1
Rpp30,Choroid Plexus,L-Isoleucine,Feces,1
Gtpbp4,Choroid Plexus,L-Isoleucine,Feces,1
Stxbp4,Choroid Plexus,L-Isoleucine,Feces,1
Ankmy2,Choroid Plexus,5-Oxohexanoic Acid,Feces,-1
Poglut1,Choroid Plexus,5-Oxohexanoic Acid,Feces,1
Grcc10,Choroid Plexus,5-Oxohexanoic Acid,Feces,1
4632415L05Rik,Choroid Plexus,5-Oxohexanoic Acid,Feces,-1
Usf3,Choroid Plexus,Deoxycholic Acid,Feces,1
Usf3,Choroid Plexus,D-Fructose,Feces,1
Smarca2,Choroid Plexus,Deoxycholic Acid,Feces,1
Gdpd3,Choroid Plexus,Deoxycholic Acid,Feces,-1
Smim15,Choroid Plexus,Deoxycholic Acid,Feces,1
Fgl2,Choroid Plexus,Deoxycholic Acid,Feces,-1
Pla2g3,Choroid Plexus,D-Fructose,Feces,-1
Strada,Choroid Plexus,D-Fructose,Feces,1
Zkscan8,Choroid Plexus,D-(-)-Fructopyranose,Feces,1
Kpna4,Choroid Plexus,D-(-)-Fructopyranose,Feces,1
Sh3bgrl2,Choroid Plexus,D-(-)-Fructopyranose,Feces,1
Ube3c,Choroid Plexus,D-(-)-Fructopyranose,Feces,1
Chmp4c,Choroid Plexus,"2-Butenoic acid, 2-hydroxy-",Feces,-1
Baiap2l1,Choroid Plexus,"2-Butenoic acid, 2-hydroxy-",Feces,1
Agbl3,Choroid Plexus,"2-Butenoic acid, 2-hydroxy-",Feces,1
Sulf2,Choroid Plexus,"2-Butenoic acid, 2-hydroxy-",Feces,-1
Zbtb39,Choroid Plexus,"2-Butenoic acid, 2-hydroxy-",Feces,-1
Zfp975,Choroid Plexus,1-Hexacosene,Feces,1
Zfp975,Choroid Plexus,"2,5-Dimethoxyphenol",Feces,1
Zfp975,Choroid Plexus,"2-Allyl-1,4-dimethoxybenzene ",Feces,1
Zfp975,Choroid Plexus,"2-Butenoic acid, 2-methyl-, 2-methyl-2-propenyl ester",Feces,1
Zfp975,Choroid Plexus,3-Hexenedioic acid,Feces,1
Ppp1r12a,Choroid Plexus,1-Hexacosene,Feces,1
Zbtb7a,Choroid Plexus,1-Hexacosene,Feces,1
Pebp4,Choroid Plexus,1-Hexacosene,Feces,1
Fn3krp,Choroid Plexus,"2,5-Dimethoxyphenol",Feces,1
Fn3krp,Choroid Plexus,"2-Allyl-1,4-dimethoxybenzene ",Feces,1
Hmces,Choroid Plexus,"2-Allyl-1,4-dimethoxybenzene ",Feces,-1
Cpxm2,Choroid Plexus,"2-Allyl-1,4-dimethoxybenzene ",Feces,1
Tm9sf3,Choroid Plexus,"2-Allyl-1,4-dimethoxybenzene ",Feces,1
Gsta4,Choroid Plexus,"2-Allyl-1,4-dimethoxybenzene ",Feces,1
A930024E05Rik,Choroid Plexus,"2-Butenoic acid, 2-methyl-, 2-methyl-2-propenyl ester",Feces,1
Zbtb37,Choroid Plexus,3-Hexenedioic acid,Feces,1
Fn3krp,Choroid Plexus,2-Ethylhexanoic acid,Feces,1
Fn3krp,Choroid Plexus,pyrazole,Feces,1
Fn3krp,Choroid Plexus,beta-Alanine,Feces,1
Fn3krp,Choroid Plexus,L-5-Oxoproline,Feces,1
Fn3krp,Choroid Plexus,Niacin,Feces,1
Fn3krp,Choroid Plexus,Phenol,Feces,1
Fn3krp,Choroid Plexus,Syringaldehyde,Feces,1
Fn3krp,Choroid Plexus,Urea,Feces,1
Gm15408,Choroid Plexus,2-Ethylhexanoic acid,Feces,1
Cspg5,Choroid Plexus,2-Ethylhexanoic acid,Feces,-1
Ibtk,Choroid Plexus,2-Ethylhexanoic acid,Feces,1
Cep41,Choroid Plexus,2-Ethylhexanoic acid,Feces,1
Wapl,Choroid Plexus,2-Ethylhexanoic acid,Feces,1
Apc2,Choroid Plexus,2-Ethylhexanoic acid,Feces,-1
Wasl,Choroid Plexus,2-Ethylhexanoic acid,Feces,1
Stk26,Choroid Plexus,2-Ethylhexanoic acid,Feces,1
Gnas,Choroid Plexus,2-Ethylhexanoic acid,Feces,1
Wbp4,Choroid Plexus,2-Ethylhexanoic acid,Feces,1
Nsmf,Choroid Plexus,2-Ethylhexanoic acid,Feces,-1
Fgfr1op2,Choroid Plexus,2-Ethylhexanoic acid,Feces,1
Aasdhppt,Choroid Plexus,2-Ethylhexanoic acid,Feces,1
Qser1,Choroid Plexus,2-Ethylhexanoic acid,Feces,1
Stag2,Choroid Plexus,2-Ethylhexanoic acid,Feces,1
Smim10l1,Choroid Plexus,pyrazole,Feces,1
Gnas,Choroid Plexus,pyrazole,Feces,1
H1f10,Choroid Plexus,pyrazole,Feces,-1
Clec14a,Choroid Plexus,pyrazole,Feces,1
Serp2,Choroid Plexus,pyrazole,Feces,-1
Ric3,Choroid Plexus,pyrazole,Feces,1
Rpp30,Choroid Plexus,pyrazole,Feces,1
Ibtk,Choroid Plexus,beta-Alanine,Feces,1
Ctdspl2,Choroid Plexus,beta-Alanine,Feces,1
Lmtk3,Choroid Plexus,beta-Alanine,Feces,-1
Cdkn1c,Choroid Plexus,beta-Alanine,Feces,1
Gm6548,Choroid Plexus,beta-Alanine,Feces,1
Slc6a13,Choroid Plexus,beta-Alanine,Feces,-1
Pi4ka,Choroid Plexus,beta-Alanine,Feces,-1
Pbx1,Choroid Plexus,beta-Alanine,Feces,1
Cerox1,Choroid Plexus,beta-Alanine,Feces,-1
Vps13b,Choroid Plexus,beta-Alanine,Feces,1
Lrrc8c,Choroid Plexus,beta-Alanine,Feces,1
Nsmf,Choroid Plexus,beta-Alanine,Feces,-1
Dnajc13,Choroid Plexus,beta-Alanine,Feces,1
Upf2,Choroid Plexus,beta-Alanine,Feces,1
Ibtk,Choroid Plexus,L-5-Oxoproline,Feces,1
Ap3b1,Choroid Plexus,L-5-Oxoproline,Feces,1
Rhob,Choroid Plexus,L-5-Oxoproline,Feces,-1
Irak1bp1,Choroid Plexus,L-5-Oxoproline,Feces,1
Cnih2,Choroid Plexus,L-5-Oxoproline,Feces,-1
Slc25a20,Choroid Plexus,L-5-Oxoproline,Feces,1
Stag2,Choroid Plexus,L-5-Oxoproline,Feces,1
Map3k5,Choroid Plexus,L-5-Oxoproline,Feces,1
Serbp1,Choroid Plexus,Phenol,Feces,1
Hdac9,Choroid Plexus,Phenol,Feces,-1
Ibtk,Choroid Plexus,Phenol,Feces,1
Birc2,Choroid Plexus,Phenol,Feces,1
Prpf6,Choroid Plexus,Phenol,Feces,1
Rufy3,Choroid Plexus,Phenol,Feces,-1
Ap3b1,Choroid Plexus,Phenol,Feces,1
Wasl,Choroid Plexus,Phenol,Feces,1
H1f10,Choroid Plexus,Phenol,Feces,-1
Chi3l1,Choroid Plexus,Phenol,Feces,1
Luzp1,Choroid Plexus,Phenol,Feces,1
Slc35a3,Choroid Plexus,Phenol,Feces,1
Bcl2l12,Choroid Plexus,Phenol,Feces,1
Dcaf12l1,Choroid Plexus,Phenol,Feces,1
Kmt5b,Choroid Plexus,Phenol,Feces,1
Ibtk,Choroid Plexus,Syringaldehyde,Feces,1
Dynlt2b,Choroid Plexus,Syringaldehyde,Feces,1
Smim10l1,Choroid Plexus,Syringaldehyde,Feces,1
Ptger1,Choroid Plexus,Syringaldehyde,Feces,1
Ap3b1,Choroid Plexus,Syringaldehyde,Feces,1
Gnas,Choroid Plexus,Syringaldehyde,Feces,1
Ahcyl2,Choroid Plexus,Syringaldehyde,Feces,1
mt-Tv,Choroid Plexus,Syringaldehyde,Feces,-1
mt-Tl1,Choroid Plexus,Syringaldehyde,Feces,-1
Tm9sf3,Choroid Plexus,Syringaldehyde,Feces,1
Stag2,Choroid Plexus,Syringaldehyde,Feces,1
Gsta4,Choroid Plexus,Syringaldehyde,Feces,1
Ibtk,Choroid Plexus,Urea,Feces,1
Mtap,Choroid Plexus,Urea,Feces,1
Ubl3,Choroid Plexus,Urea,Feces,1
Cdkn1c,Choroid Plexus,Urea,Feces,1
Wapl,Choroid Plexus,Urea,Feces,1
Prxl2c,Choroid Plexus,Urea,Feces,1
Smim10l1,Choroid Plexus,Urea,Feces,1
Eef1a1,Choroid Plexus,Urea,Feces,1
Zfp322a,Choroid Plexus,Urea,Feces,1
Iqgap2,Choroid Plexus,Urea,Feces,1
Pbx1,Choroid Plexus,Urea,Feces,1
Wbp4,Choroid Plexus,Urea,Feces,1
Ahcyl2,Choroid Plexus,Urea,Feces,1
Evi5,Choroid Plexus,Urea,Feces,1
Lrrc8c,Choroid Plexus,Urea,Feces,1
Serp2,Choroid Plexus,Urea,Feces,-1
Fgfr1op2,Choroid Plexus,Urea,Feces,1
Ric3,Choroid Plexus,Urea,Feces,1
Sin3a,Choroid Plexus,Urea,Feces,1
Mpp7,Choroid Plexus,Urea,Feces,1
Sytl2,Choroid Plexus,Urea,Feces,1
Kpna3,Choroid Plexus,Urea,Feces,1
Tm9sf3,Choroid Plexus,Urea,Feces,1
Stag2,Choroid Plexus,Urea,Feces,1
Smarca5,Choroid Plexus,Urea,Feces,1
Slain2,Choroid Plexus,Urea,Feces,1
Serbp1,Choroid Plexus,1-Dodecanol,Feces,1
Serbp1,Choroid Plexus,Benzoic Acid,Feces,1
Serbp1,Choroid Plexus,D-Allofuranose,Feces,1
Sec62,Choroid Plexus,1-Dodecanol,Feces,1
Wasl,Choroid Plexus,1-Dodecanol,Feces,1
Chd5,Choroid Plexus,1-Dodecanol,Feces,-1
Slc35a3,Choroid Plexus,1-Dodecanol,Feces,1
Kmt5b,Choroid Plexus,1-Dodecanol,Feces,1
Pura,Choroid Plexus,Benzoic Acid,Feces,1
Zbtb7a,Choroid Plexus,Benzoic Acid,Feces,1
Sec62,Choroid Plexus,Benzoic Acid,Feces,1
Nkapd1,Choroid Plexus,Benzoic Acid,Feces,1
Lrrc8c,Choroid Plexus,Benzoic Acid,Feces,1
Ric3,Choroid Plexus,Benzoic Acid,Feces,1
Pura,Choroid Plexus,D-Allofuranose,Feces,1
Sec62,Choroid Plexus,D-Allofuranose,Feces,1
Slc35a3,Choroid Plexus,D-Allofuranose,Feces,1
Fsbp,Choroid Plexus,L-Valyl-L-leucine,Feces,1
Dynlt2b,Choroid Plexus,L-Valyl-L-leucine,Feces,-1
Osbp,Choroid Plexus,L-Valyl-L-leucine,Feces,-1
Prxl2c,Choroid Plexus,L-Valyl-L-leucine,Feces,-1
Sc5d,Choroid Plexus,L-Valyl-L-leucine,Feces,-1
Recql5,Choroid Plexus,L-Valyl-L-leucine,Feces,1
Gm25517,Choroid Plexus,L-Valyl-L-leucine,Feces,-1
Serp2,Choroid Plexus,L-Valyl-L-leucine,Feces,1
Sox13,Choroid Plexus,L-Valyl-L-leucine,Feces,-1
Dnase1l1,Choroid Plexus,L-Valyl-L-leucine,Feces,-1
H2az2,Choroid Plexus,Azelaic acid,Feces,1
H2az2,Choroid Plexus,l-Leucyl-l-valine,Feces,1
Lmtk3,Choroid Plexus,2-Piperidinone,Feces,-1
Cdkn1c,Choroid Plexus,2-Piperidinone,Feces,1
Gnas,Choroid Plexus,2-Piperidinone,Feces,1
Zfp383,Choroid Plexus,2-Piperidinone,Feces,1
Gm15083,Choroid Plexus,2-Piperidinone,Feces,1
Wbp4,Choroid Plexus,2-Piperidinone,Feces,1
Vps13b,Choroid Plexus,2-Piperidinone,Feces,1
5430402O13Rik,Choroid Plexus,2-Piperidinone,Feces,1
Col8a1,Choroid Plexus,2-Piperidinone,Feces,1
Nsmf,Choroid Plexus,2-Piperidinone,Feces,-1
Dcaf12l1,Choroid Plexus,2-Piperidinone,Feces,1
Tm9sf3,Choroid Plexus,2-Piperidinone,Feces,1
Acox1,Choroid Plexus,l-Leucyl-l-valine,Feces,1
Grcc10,Choroid Plexus,l-Leucyl-l-valine,Feces,1
Uqcc5,Choroid Plexus,l-Leucyl-l-valine,Feces,1
Zfp27,Choroid Plexus,l-Leucyl-l-valine,Feces,1
Poglut1,Choroid Plexus,"1,4-Butanediol",Feces,1
Usp9x,Choroid Plexus,"1,4-Butanediol",Feces,-1
Ap3b1,Choroid Plexus,"1,4-Butanediol",Feces,-1
Wasl,Choroid Plexus,"1,4-Butanediol",Feces,-1
Tulp4,Choroid Plexus,"1,4-Butanediol",Feces,-1
Jph1,Choroid Plexus,"1,4-Butanediol",Feces,-1
Dhx36,Choroid Plexus,"1,4-Butanediol",Feces,-1
Camk1d,Choroid Plexus,"1,4-Butanediol",Feces,-1
Wdr38,Choroid Plexus,3-Buten-2-one,Feces,1
Kpna4,Choroid Plexus,3-Buten-2-one,Feces,-1
Gm42636,Choroid Plexus,3-Buten-2-one,Feces,-1
Kcmf1,Choroid Plexus,3-Buten-2-one,Feces,-1
Pak2,Choroid Plexus,D-Ribose,Feces,1
Baiap2l1,Choroid Plexus,D-Ribose,Feces,1
Psma4,Choroid Plexus,D-Ribose,Feces,1
Ccdc148,Choroid Plexus,D-Ribose,Feces,1
Csnk1a1,Choroid Plexus,D-Ribose,Feces,1
Evi5,Choroid Plexus,D-Ribose,Feces,1
Ofd1,Choroid Plexus,D-Ribose,Feces,1
Rpn2,Choroid Plexus,D-(-)-Ribofuranose,Feces,1
Gm43339,Choroid Plexus,1-Tetradecanol,Feces,1
Gm43339,Choroid Plexus,Pyrogallol,Feces,1
Gm43339,Choroid Plexus,Tripropylene glycol monomethyl ether,Feces,1
Hdac9,Choroid Plexus,1-Tetradecanol,Feces,-1
Birc2,Choroid Plexus,1-Tetradecanol,Feces,1
Cmtm8,Choroid Plexus,1-Tetradecanol,Feces,1
Tmem204,Choroid Plexus,1-Tetradecanol,Feces,1
Samd14,Choroid Plexus,1-Tetradecanol,Feces,-1
H1f10,Choroid Plexus,1-Tetradecanol,Feces,-1
5330425B07Rik,Choroid Plexus,1-Tetradecanol,Feces,1
Chd5,Choroid Plexus,1-Tetradecanol,Feces,-1
Slc35a3,Choroid Plexus,1-Tetradecanol,Feces,1
Sytl2,Choroid Plexus,1-Tetradecanol,Feces,1
Klf8,Choroid Plexus,1-Tetradecanol,Feces,-1
Ibtk,Choroid Plexus,Tripropylene glycol monomethyl ether,Feces,1
Psma4,Choroid Plexus,Tripropylene glycol monomethyl ether,Feces,1
Ccdc59,Choroid Plexus,Tripropylene glycol monomethyl ether,Feces,1
Wapl,Choroid Plexus,Tripropylene glycol monomethyl ether,Feces,1
Smim10l1,Choroid Plexus,Tripropylene glycol monomethyl ether,Feces,1
Limch1,Choroid Plexus,Tripropylene glycol monomethyl ether,Feces,1
Wasl,Choroid Plexus,Tripropylene glycol monomethyl ether,Feces,1
Ergic2,Choroid Plexus,Tripropylene glycol monomethyl ether,Feces,1
Bcat1,Choroid Plexus,Tripropylene glycol monomethyl ether,Feces,-1
Samd14,Choroid Plexus,Tripropylene glycol monomethyl ether,Feces,-1
Csnk1a1,Choroid Plexus,Tripropylene glycol monomethyl ether,Feces,1
Wbp4,Choroid Plexus,Tripropylene glycol monomethyl ether,Feces,1
Evi5,Choroid Plexus,Tripropylene glycol monomethyl ether,Feces,1
Fgfr1op2,Choroid Plexus,Tripropylene glycol monomethyl ether,Feces,1
Sin3a,Choroid Plexus,Tripropylene glycol monomethyl ether,Feces,1
Mpp7,Choroid Plexus,Tripropylene glycol monomethyl ether,Feces,1
Zfp1007,Choroid Plexus,Tripropylene glycol monomethyl ether,Feces,1
Kpna3,Choroid Plexus,Tripropylene glycol monomethyl ether,Feces,1
Gsta4,Choroid Plexus,Tripropylene glycol monomethyl ether,Feces,1
Xpc,Choroid Plexus,Supraene,Feces,-1
Gm15675,Choroid Plexus,Supraene,Feces,-1
Cmtm8,Choroid Plexus,6-Hydroxyhexanoic acid,Feces,1
Atp5mg,Choroid Plexus,6-Hydroxyhexanoic acid,Feces,1
2310014F06Rik,Choroid Plexus,6-Hydroxyhexanoic acid,Feces,1
Kmt5b,Choroid Plexus,6-Hydroxyhexanoic acid,Feces,1
Hmga1,Choroid Plexus,Pentadecanoic acid,Feces,-1
Slc11a2,Choroid Plexus,Octanoic acid,Feces,1
Gpaa1,Choroid Plexus,Octanoic acid,Feces,1
Mfge8,Choroid Plexus,Octanoic acid,Feces,1
Atp7a,Choroid Plexus,Octanoic acid,Feces,1
Prpf6,Choroid Plexus,Pentadecanoic acid,Feces,1
Sec62,Choroid Plexus,Pentadecanoic acid,Feces,1
Ifi30,Choroid Plexus,Pentadecanoic acid,Feces,1
Ankrd12,Choroid Plexus,11-Hydroxy-.DELTA.-9-tetrahydrocannabinol,Feces,1
Zfp322a,Choroid Plexus,11-Hydroxy-.DELTA.-9-tetrahydrocannabinol,Feces,1
Ildr2,Choroid Plexus,11-Hydroxy-.DELTA.-9-tetrahydrocannabinol,Feces,1
Dnajc13,Choroid Plexus,11-Hydroxy-.DELTA.-9-tetrahydrocannabinol,Feces,1
Ric3,Choroid Plexus,11-Hydroxy-.DELTA.-9-tetrahydrocannabinol,Feces,1
Ppfibp1,Choroid Plexus,11-Hydroxy-.DELTA.-9-tetrahydrocannabinol,Feces,1
Tmem204,Choroid Plexus,"2,3-Butanediol",Feces,1
Apc2,Choroid Plexus,"2,3-Butanediol",Feces,-1
Bcat1,Choroid Plexus,"2,3-Butanediol",Feces,-1
Samd14,Choroid Plexus,"2,3-Butanediol",Feces,-1
H1f10,Choroid Plexus,"2,3-Butanediol",Feces,-1
Sh3bgrl2,Choroid Plexus,"2,3-Butanediol",Feces,1
Mpp7,Choroid Plexus,"2,3-Butanediol",Feces,1
Ube3c,Choroid Plexus,"2,3-Butanediol",Feces,1
Klf8,Choroid Plexus,"2,3-Butanediol",Feces,-1
Ddit4,Choroid Plexus,L-Glutamic acid,Feces,-1
Ibtk,Choroid Plexus,L-Glutamic acid,Feces,1
Rhob,Choroid Plexus,L-Glutamic acid,Feces,-1
Rai14,Choroid Plexus,L-Rhamnose,Feces,1
Tmem204,Choroid Plexus,L-Rhamnose,Feces,1
Actr3,Choroid Plexus,L-Rhamnose,Feces,1
Rbm20,Choroid Plexus,L-Rhamnose,Feces,1
Atp5mg,Choroid Plexus,L-Rhamnose,Feces,1
Hook2,Choroid Plexus,L-Rhamnose,Feces,1
Suclg2,Choroid Plexus,L-Rhamnose,Feces,1
St8sia2,Choroid Plexus,L-Rhamnose,Feces,-1
Gm38037,Choroid Plexus,"2,3,4,5-Tetrahydroxypentanoic acid-1,4-lactone",Feces,1
Hdac9,Choroid Plexus,alpha-Linolenic acid,Feces,-1
Hdac9,Choroid Plexus,Monomethyl succinate,Feces,-1
Hdac9,Choroid Plexus,N-(2-hydroxyethyl)-succinimide,Feces,-1
Zbtb7a,Choroid Plexus,alpha-Linolenic acid,Feces,1
Cdc14a,Choroid Plexus,alpha-Linolenic acid,Feces,1
Secisbp2l,Choroid Plexus,alpha-Linolenic acid,Feces,1
Lrp6,Choroid Plexus,alpha-Linolenic acid,Feces,1
Cmtm8,Choroid Plexus,Monomethyl succinate,Feces,1
Rufy3,Choroid Plexus,Monomethyl succinate,Feces,-1
Casp8,Choroid Plexus,Monomethyl succinate,Feces,1
Ildr2,Choroid Plexus,Monomethyl succinate,Feces,1
Chi3l1,Choroid Plexus,Monomethyl succinate,Feces,1
Col8a1,Choroid Plexus,Monomethyl succinate,Feces,1
Sh3bgrl2,Choroid Plexus,Monomethyl succinate,Feces,1
Slc35a3,Choroid Plexus,Monomethyl succinate,Feces,1
Lrp6,Choroid Plexus,Monomethyl succinate,Feces,1
Leprotl1,Choroid Plexus,Monomethyl succinate,Feces,1
Ube3c,Choroid Plexus,Monomethyl succinate,Feces,1
Stxbp4,Choroid Plexus,Monomethyl succinate,Feces,1
Klf8,Choroid Plexus,Monomethyl succinate,Feces,-1
Por,Choroid Plexus,N-(2-hydroxyethyl)-succinimide,Feces,1
Agbl3,Choroid Plexus,N-(2-hydroxyethyl)-succinimide,Feces,1
Maco1,Choroid Plexus,N-(2-hydroxyethyl)-succinimide,Feces,1
Rufy3,Choroid Plexus,N-(2-hydroxyethyl)-succinimide,Feces,-1
Pomgnt1,Choroid Plexus,N-(2-hydroxyethyl)-succinimide,Feces,1
Zfp383,Choroid Plexus,N-(2-hydroxyethyl)-succinimide,Feces,1
Col8a1,Choroid Plexus,N-(2-hydroxyethyl)-succinimide,Feces,1
Slc35a3,Choroid Plexus,N-(2-hydroxyethyl)-succinimide,Feces,1
Lrp6,Choroid Plexus,N-(2-hydroxyethyl)-succinimide,Feces,1
Mpp7,Choroid Plexus,N-(2-hydroxyethyl)-succinimide,Feces,1
Stxbp4,Choroid Plexus,N-(2-hydroxyethyl)-succinimide,Feces,1
Gm15408,Choroid Plexus,Cyclohexanecarboxylic acid,Feces,1
Pcgf5,Choroid Plexus,Cyclohexanecarboxylic acid,Feces,1
Ess2,Choroid Plexus,Cyclohexanecarboxylic acid,Feces,1
Fchsd2,Choroid Plexus,Cyclohexanecarboxylic acid,Feces,1
Heatr3,Choroid Plexus,Cyclohexanecarboxylic acid,Feces,1
Abitram,Choroid Plexus,Cyclohexanecarboxylic acid,Feces,-1
Galnt15,Choroid Plexus,Glyceric acid,Feces,1
Col9a2,Choroid Plexus,Glyceric acid,Feces,1
Nod1,Choroid Plexus,Glyceric acid,Feces,1
Por,Choroid Plexus,D-Psicofuranose,Feces,-1
Rpl18a,Choroid Plexus,"D-(+)-Ribono-1,4-lactone ",Feces,1
Rpl18a,Choroid Plexus,Hymexazole,Feces,1
Map3k8,Choroid Plexus,"D-(+)-Ribono-1,4-lactone ",Feces,1
Dynlt2b,Choroid Plexus,"D-(+)-Ribono-1,4-lactone ",Feces,1
Cmtm8,Choroid Plexus,Hymexazole,Feces,1
Dync2li1,Choroid Plexus,Hymexazole,Feces,1
Actr3,Choroid Plexus,Hymexazole,Feces,1
Rlbp1,Choroid Plexus,Hymexazole,Feces,1
Vasp,Choroid Plexus,Hymexazole,Feces,1
Grpel1,Choroid Plexus,Thr-Leu,Feces,1
Alkbh6,Choroid Plexus,Thr-Leu,Feces,1
Cspg5,Choroid Plexus,"1,3-Dioxane, 2,2-dimethyl-5-hydroxy-",Feces,-1
Arhgef12,Choroid Plexus,"1,3-Dioxane, 2,2-dimethyl-5-hydroxy-",Feces,1
Zfp638,Choroid Plexus,"1,3-Dioxane, 2,2-dimethyl-5-hydroxy-",Feces,1
Wapl,Choroid Plexus,"1,3-Dioxane, 2,2-dimethyl-5-hydroxy-",Feces,1
Gm14798,Choroid Plexus,"1,3-Dioxane, 2,2-dimethyl-5-hydroxy-",Feces,-1
Gsk3b,Choroid Plexus,"1,3-Dioxane, 2,2-dimethyl-5-hydroxy-",Feces,1
Acad9,Choroid Plexus,"1,3-Dioxane, 2,2-dimethyl-5-hydroxy-",Feces,-1
Phactr2,Choroid Plexus,"1,3-Dioxane, 2,2-dimethyl-5-hydroxy-",Feces,1
Gtpbp4,Choroid Plexus,"1,3-Dioxane, 2,2-dimethyl-5-hydroxy-",Feces,1
Klc1,Choroid Plexus,Deoxyribopyranose,Feces,1
Gm6548,Choroid Plexus,Deoxyribopyranose,Feces,-1
Rufy3,Choroid Plexus,Deoxyribopyranose,Feces,1
Magix,Choroid Plexus,Deoxyribopyranose,Feces,-1
Asb16,Choroid Plexus,Deoxyribopyranose,Feces,-1
Klhl18,Choroid Plexus,Deoxyribopyranose,Feces,1
Eif3l,Choroid Plexus,Deoxyribopyranose,Feces,-1
Kcnk5,Choroid Plexus,"2',2,3,6'-Tetramethoxychalcone",Feces,-1
Cox18,Choroid Plexus,"2',2,3,6'-Tetramethoxychalcone",Feces,1
Zhx1,Choroid Plexus,"2',2,3,6'-Tetramethoxychalcone",Feces,-1
Cebpd,Choroid Plexus,"2',2,3,6'-Tetramethoxychalcone",Feces,1
Twsg1,Choroid Plexus,"2',2,3,6'-Tetramethoxychalcone",Feces,1
Repin1,Choroid Plexus,D-(+)-Talofuranose,Feces,1
Ibtk,Choroid Plexus,9H-Purin-6-ol,Feces,1
Ibtk,Choroid Plexus,"cis-4,5-Dihydroxy-o-dithiane",Feces,1
Ibtk,Choroid Plexus,D-(+)-Glucosamine,Feces,1
Ibtk,Choroid Plexus,Hydracrylic acid,Feces,1
Ibtk,Choroid Plexus,L-Threonine,Feces,1
Ibtk,Choroid Plexus,"N-Acetyl-D-galactosamine, (R,R,R,R)",Feces,1
Ibtk,Choroid Plexus,N-Acetyl-L-glutamic acid,Feces,1
Ibtk,Choroid Plexus,Salsoline,Feces,1
Ibtk,Choroid Plexus,Undecanoic acid,Feces,1
Ibtk,Choroid Plexus,Uracil,Feces,1
Srebf2,Choroid Plexus,9H-Purin-6-ol,Feces,-1
Rhob,Choroid Plexus,9H-Purin-6-ol,Feces,-1
Tmem229b,Choroid Plexus,9H-Purin-6-ol,Feces,-1
Stag2,Choroid Plexus,9H-Purin-6-ol,Feces,1
Phactr2,Choroid Plexus,9H-Purin-6-ol,Feces,1
Ncbp2,Choroid Plexus,9H-Purin-6-ol,Feces,1
Mtap,Choroid Plexus,"cis-4,5-Dihydroxy-o-dithiane",Feces,1
Dync2li1,Choroid Plexus,"cis-4,5-Dihydroxy-o-dithiane",Feces,1
Cep41,Choroid Plexus,"cis-4,5-Dihydroxy-o-dithiane",Feces,1
Actr3,Choroid Plexus,"cis-4,5-Dihydroxy-o-dithiane",Feces,1
Cdkn1c,Choroid Plexus,"cis-4,5-Dihydroxy-o-dithiane",Feces,1
Atp5mg,Choroid Plexus,"cis-4,5-Dihydroxy-o-dithiane",Feces,1
Ap3b1,Choroid Plexus,"cis-4,5-Dihydroxy-o-dithiane",Feces,1
Wbp4,Choroid Plexus,"cis-4,5-Dihydroxy-o-dithiane",Feces,1
Setx,Choroid Plexus,"cis-4,5-Dihydroxy-o-dithiane",Feces,1
Chi3l1,Choroid Plexus,"cis-4,5-Dihydroxy-o-dithiane",Feces,1
Hip1,Choroid Plexus,"cis-4,5-Dihydroxy-o-dithiane",Feces,1
Dcaf12l1,Choroid Plexus,"cis-4,5-Dihydroxy-o-dithiane",Feces,1
mt-Tl1,Choroid Plexus,"cis-4,5-Dihydroxy-o-dithiane",Feces,-1
Gsta4,Choroid Plexus,"cis-4,5-Dihydroxy-o-dithiane",Feces,1
Cep41,Choroid Plexus,D-(+)-Glucosamine,Feces,1
mt-Tl1,Choroid Plexus,D-(+)-Glucosamine,Feces,-1
Stag2,Choroid Plexus,D-(+)-Glucosamine,Feces,1
Pthlh,Choroid Plexus,D-(+)-Glucosamine,Feces,1
Serpinb8,Choroid Plexus,D-(+)-Glucosamine,Feces,1
Mtap,Choroid Plexus,Hydracrylic acid,Feces,1
Wapl,Choroid Plexus,Hydracrylic acid,Feces,1
Zfp322a,Choroid Plexus,Hydracrylic acid,Feces,1
Tmem229b,Choroid Plexus,Hydracrylic acid,Feces,-1
Erbin,Choroid Plexus,Hydracrylic acid,Feces,1
Stag2,Choroid Plexus,Hydracrylic acid,Feces,1
Phactr2,Choroid Plexus,Hydracrylic acid,Feces,1
Cdkn1c,Choroid Plexus,L-Threonine,Feces,1
Tceal8,Choroid Plexus,L-Threonine,Feces,1
Wapl,Choroid Plexus,"N-Acetyl-D-galactosamine, (R,R,R,R)",Feces,1
Prxl2c,Choroid Plexus,"N-Acetyl-D-galactosamine, (R,R,R,R)",Feces,1
Smim10l1,Choroid Plexus,"N-Acetyl-D-galactosamine, (R,R,R,R)",Feces,1
Stk26,Choroid Plexus,"N-Acetyl-D-galactosamine, (R,R,R,R)",Feces,1
Kcmf1,Choroid Plexus,"N-Acetyl-D-galactosamine, (R,R,R,R)",Feces,1
Setx,Choroid Plexus,"N-Acetyl-D-galactosamine, (R,R,R,R)",Feces,1
Evi5,Choroid Plexus,"N-Acetyl-D-galactosamine, (R,R,R,R)",Feces,1
Nsmf,Choroid Plexus,"N-Acetyl-D-galactosamine, (R,R,R,R)",Feces,-1
Aasdhppt,Choroid Plexus,"N-Acetyl-D-galactosamine, (R,R,R,R)",Feces,1
Erbin,Choroid Plexus,"N-Acetyl-D-galactosamine, (R,R,R,R)",Feces,1
Kpna3,Choroid Plexus,"N-Acetyl-D-galactosamine, (R,R,R,R)",Feces,1
Smarca5,Choroid Plexus,"N-Acetyl-D-galactosamine, (R,R,R,R)",Feces,1
Ano8,Choroid Plexus,N-Acetyl-L-glutamic acid,Feces,-1
Birc2,Choroid Plexus,Salsoline,Feces,1
Slk,Choroid Plexus,Salsoline,Feces,1
Rbm27,Choroid Plexus,Salsoline,Feces,1
Atp5mg,Choroid Plexus,Salsoline,Feces,1
Ildr2,Choroid Plexus,Salsoline,Feces,1
Chi3l1,Choroid Plexus,Salsoline,Feces,1
Serp2,Choroid Plexus,Salsoline,Feces,-1
Fundc2,Choroid Plexus,Salsoline,Feces,1
Meis2,Choroid Plexus,Salsoline,Feces,-1
Ric3,Choroid Plexus,Salsoline,Feces,1
mt-Tv,Choroid Plexus,Salsoline,Feces,-1
Sin3a,Choroid Plexus,Salsoline,Feces,1
Sytl2,Choroid Plexus,Salsoline,Feces,1
2310014F06Rik,Choroid Plexus,Salsoline,Feces,1
Slain2,Choroid Plexus,Salsoline,Feces,1
Slk,Choroid Plexus,Undecanoic acid,Feces,1
Zbtb37,Choroid Plexus,Undecanoic acid,Feces,1
H1f10,Choroid Plexus,Undecanoic acid,Feces,-1
Slc35a3,Choroid Plexus,Undecanoic acid,Feces,1
Cyyr1,Choroid Plexus,Uracil,Feces,1
Tmem229b,Choroid Plexus,Uracil,Feces,-1
Olfm2,Choroid Plexus,Uracil,Feces,-1
Kcmf1,Choroid Plexus,Uracil,Feces,1
mt-Tl1,Choroid Plexus,Uracil,Feces,-1
Stag2,Choroid Plexus,Uracil,Feces,1
Phactr2,Choroid Plexus,Uracil,Feces,1
Serpinb8,Choroid Plexus,Uracil,Feces,1
Fam13b,Choroid Plexus,5-Hydroxymethyl-2-furoic acid,Feces,1
Ctdspl2,Choroid Plexus,4-Hydroxybenzoic acid,Feces,1
Nfe2l2,Choroid Plexus,4-Hydroxybenzoic acid,Feces,1
Gpaa1,Choroid Plexus,4-Hydroxybenzoic acid,Feces,-1
Rhob,Choroid Plexus,4-Hydroxybenzoic acid,Feces,-1
Kcmf1,Choroid Plexus,4-Hydroxybenzoic acid,Feces,1
Setx,Choroid Plexus,4-Hydroxybenzoic acid,Feces,1
Stag2,Choroid Plexus,4-Hydroxybenzoic acid,Feces,1
Tceal8,Choroid Plexus,4-Hydroxybenzoic acid,Feces,1
Ppp1r12a,Choroid Plexus,Pyridoxic acid,Feces,1
Sppl3,Choroid Plexus,Pyridoxic acid,Feces,-1
Dctn2,Choroid Plexus,Cyclohexanol,Feces,1
Cmtm8,Choroid Plexus,"2,5-Cyclohexadiene-1,4-dione, 2,6-bis(1,1-dimethylethyl)",Feces,1
Gm43568,Choroid Plexus,"2,5-Cyclohexadiene-1,4-dione, 2,6-bis(1,1-dimethylethyl)",Feces,1
H1f10,Choroid Plexus,"2,5-Cyclohexadiene-1,4-dione, 2,6-bis(1,1-dimethylethyl)",Feces,-1
5330425B07Rik,Choroid Plexus,"2,5-Cyclohexadiene-1,4-dione, 2,6-bis(1,1-dimethylethyl)",Feces,1
Vasp,Choroid Plexus,"2,5-Cyclohexadiene-1,4-dione, 2,6-bis(1,1-dimethylethyl)",Feces,1
Sin3a,Choroid Plexus,"2,5-Cyclohexadiene-1,4-dione, 2,6-bis(1,1-dimethylethyl)",Feces,1
Usp22,Choroid Plexus,"2,5-Cyclohexadiene-1,4-dione, 2,6-bis(1,1-dimethylethyl)",Feces,-1
Ube3c,Choroid Plexus,"2,5-Cyclohexadiene-1,4-dione, 2,6-bis(1,1-dimethylethyl)",Feces,1
Klf8,Choroid Plexus,"2,5-Cyclohexadiene-1,4-dione, 2,6-bis(1,1-dimethylethyl)",Feces,-1
Agbl3,Choroid Plexus,Hydroquinone,Feces,1
Atp5mg,Choroid Plexus,Hydroquinone,Feces,1
Pomgnt1,Choroid Plexus,Hydroquinone,Feces,1
Dcaf12l1,Choroid Plexus,Hydroquinone,Feces,1
Ncaph2,Choroid Plexus,Monolaurin,Feces,1
Slc29a4,Choroid Plexus,Monolaurin,Feces,1
Hlf,Choroid Plexus,Monolaurin,Feces,-1
Ubl3,Choroid Plexus,9-Octadecenamide,Feces,1
Gm25517,Choroid Plexus,9-Octadecenamide,Feces,1
G2e3,Choroid Plexus,9-Octadecenamide,Feces,-1
Serp2,Choroid Plexus,9-Octadecenamide,Feces,-1
Pdlim5,Choroid Plexus,Serine,Feces,1
Klf3,Choroid Plexus,Serine,Feces,1
Cdkn1c,Choroid Plexus,Serine,Feces,1
Smim10l1,Choroid Plexus,Serine,Feces,1
Zfp322a,Choroid Plexus,Serine,Feces,1
Iqgap2,Choroid Plexus,Serine,Feces,1
Pi4ka,Choroid Plexus,Serine,Feces,-1
Pbx1,Choroid Plexus,Serine,Feces,1
Vps13b,Choroid Plexus,Serine,Feces,1
Secisbp2l,Choroid Plexus,Serine,Feces,1
Ahcyl2,Choroid Plexus,Serine,Feces,1
Lrrc8c,Choroid Plexus,Serine,Feces,1
Nsmf,Choroid Plexus,Serine,Feces,-1
Ric3,Choroid Plexus,Serine,Feces,1
Cep290,Choroid Plexus,Serine,Feces,1
Gtpbp4,Choroid Plexus,Serine,Feces,1
Stxbp4,Choroid Plexus,Serine,Feces,1
Mia2,Choroid Plexus,Serine,Feces,1
Cast,Choroid Plexus,Picolinic acid,Feces,1
Cast,Choroid Plexus,Suberic acid,Feces,1
Ccdc148,Choroid Plexus,Picolinic acid,Feces,1
Casp8,Choroid Plexus,Picolinic acid,Feces,1
Zhx1,Choroid Plexus,Picolinic acid,Feces,1
Olfm2,Choroid Plexus,Picolinic acid,Feces,-1
Pbx1,Choroid Plexus,Picolinic acid,Feces,1
Ildr2,Choroid Plexus,Picolinic acid,Feces,1
Chi3l1,Choroid Plexus,Picolinic acid,Feces,1
Myof,Choroid Plexus,Picolinic acid,Feces,1
Serp2,Choroid Plexus,Picolinic acid,Feces,-1
Ric3,Choroid Plexus,Picolinic acid,Feces,1
mt-Tv,Choroid Plexus,Picolinic acid,Feces,-1
Osgepl1,Choroid Plexus,Picolinic acid,Feces,1
mt-Tl1,Choroid Plexus,Picolinic acid,Feces,-1
Dynlt2b,Choroid Plexus,Suberic acid,Feces,1
Serp2,Choroid Plexus,Suberic acid,Feces,-1
Osgepl1,Choroid Plexus,Suberic acid,Feces,1
Sh2b3,Choroid Plexus,Suberic acid,Feces,1
Ube3c,Choroid Plexus,Suberic acid,Feces,1
Stxbp4,Choroid Plexus,Suberic acid,Feces,1
Emd,Choroid Plexus,Xanthine,Feces,-1
Emd,Choroid Plexus,13-Docosenamide,Feces,-1
Sppl3,Choroid Plexus,Xanthine,Feces,-1
Aox3,Choroid Plexus,Xanthine,Feces,1
Gpsm3,Choroid Plexus,Xanthine,Feces,1
Ehd1,Choroid Plexus,Xanthine,Feces,-1
Aox3,Choroid Plexus,13-Docosenamide,Feces,1
Birc2,Choroid Plexus,4-Methyl-5-thiazoleethanol,Feces,1
Cmtm8,Choroid Plexus,4-Methyl-5-thiazoleethanol,Feces,1
Dync2li1,Choroid Plexus,4-Methyl-5-thiazoleethanol,Feces,1
Cep41,Choroid Plexus,4-Methyl-5-thiazoleethanol,Feces,1
Wapl,Choroid Plexus,4-Methyl-5-thiazoleethanol,Feces,1
Prxl2c,Choroid Plexus,4-Methyl-5-thiazoleethanol,Feces,1
Npas3,Choroid Plexus,4-Methyl-5-thiazoleethanol,Feces,-1
Sin3a,Choroid Plexus,4-Methyl-5-thiazoleethanol,Feces,1
Xaf1,Choroid Plexus,4-Methyl-5-thiazoleethanol,Feces,1
Stag2,Choroid Plexus,4-Methyl-5-thiazoleethanol,Feces,1
Usp9x,Choroid Plexus,1-Monopalmitin,Feces,-1
Enpp5,Choroid Plexus,1-Monopalmitin,Feces,1
Zfp27,Choroid Plexus,1-Monopalmitin,Feces,1
Nfe2l2,Choroid Plexus,L-Norvaline,Feces,1
Kcmf1,Choroid Plexus,L-Norvaline,Feces,1
Klhl18,Choroid Plexus,L-Norvaline,Feces,-1
Baiap2l1,Choroid Plexus,Pipecolic acid,Feces,1
Baiap2l1,Choroid Plexus,Pyrrole-2-carboxylic acid,Feces,1
Atp5mg,Choroid Plexus,Pipecolic acid,Feces,1
Pla2g3,Choroid Plexus,Pipecolic acid,Feces,-1
St8sia2,Choroid Plexus,Pipecolic acid,Feces,-1
Col5a3,Choroid Plexus,Pyrrole-2-carboxylic acid,Feces,-1
Setx,Choroid Plexus,Pyrrole-2-carboxylic acid,Feces,1
Tceal8,Choroid Plexus,Pyrrole-2-carboxylic acid,Feces,1
Dhx9,Choroid Plexus,Pyrrole-2-carboxylic acid,Feces,1
Abtb2,Choroid Plexus,Myristic acid,Feces,1
Atp5mg,Choroid Plexus,Myristic acid,Feces,1
Map3k8,Choroid Plexus,"Inosose-2, myo",Feces,1
Btg1,Choroid Plexus,"Inosose-2, myo",Feces,1
2310014F06Rik,Choroid Plexus,"Inosose-2, myo",Feces,1
Smpdl3b,Choroid Plexus,"Arabinofuranose, 1,2,3,5-tetrakis",Feces,1
Actr3,Choroid Plexus,"Arabinofuranose, 1,2,3,5-tetrakis",Feces,1
Stk26,Choroid Plexus,"Arabinofuranose, 1,2,3,5-tetrakis",Feces,1
mt-Tl1,Choroid Plexus,"Arabinofuranose, 1,2,3,5-tetrakis",Feces,-1
Kif2a,Choroid Plexus,D-Glucose,Feces,1
Sp4,Choroid Plexus,D-Glucose,Feces,1
5430402O13Rik,Choroid Plexus,D-Glucose,Feces,1
Hip1,Choroid Plexus,D-Glucose,Feces,1
2610020C07Rik,Choroid Plexus,D-Glucose,Feces,1
Stag2,Choroid Plexus,D-Glucose,Feces,1
Smarca5,Choroid Plexus,D-Glucose,Feces,1
Pura,Choroid Plexus,Tetrahydrogeranyl formate,Feces,1
Sema3g,Choroid Plexus,Tetrahydrogeranyl formate,Feces,1
Vangl1,Choroid Plexus,Tetrahydrogeranyl formate,Feces,1
Cntn1,Choroid Plexus,Tetrahydrogeranyl formate,Feces,1
Gm15675,Choroid Plexus,3-O-methyl-beta-D-Glucopyranose,Feces,-1
Ccdc148,Choroid Plexus,3-O-methyl-beta-D-Glucopyranose,Feces,-1
Zhx1,Choroid Plexus,3-O-methyl-beta-D-Glucopyranose,Feces,-1
Hspa1b,Choroid Plexus,3-O-methyl-beta-D-Glucopyranose,Feces,1
Camk1d,Choroid Plexus,3-O-methyl-beta-D-Glucopyranose,Feces,-1
Serpinb8,Choroid Plexus,3-O-methyl-beta-D-Glucopyranose,Feces,-1
Cyyr1,Choroid Plexus,"2,5-Di-tert-butyl-4-hydroxyphenol",Feces,1
Cyyr1,Choroid Plexus,5-Methyluridine,Feces,1
1700125H03Rik,Choroid Plexus,"2,5-Di-tert-butyl-4-hydroxyphenol",Feces,1
Hcn3,Choroid Plexus,"2,5-Di-tert-butyl-4-hydroxyphenol",Feces,-1
Serp2,Choroid Plexus,"2,5-Di-tert-butyl-4-hydroxyphenol",Feces,-1
Ube3c,Choroid Plexus,"2,5-Di-tert-butyl-4-hydroxyphenol",Feces,1
Klf8,Choroid Plexus,"2,5-Di-tert-butyl-4-hydroxyphenol",Feces,-1
Foxk2,Choroid Plexus,5-Methyluridine,Feces,-1
Dynlt2b,Choroid Plexus,2-Ethylacetoacetate,Feces,1
Dynlt2b,Choroid Plexus,Aconitic acid,Feces,1
Dynlt2b,Choroid Plexus,D-(-)-Fructofuranose,Feces,1
Dynlt2b,Choroid Plexus,Ethyl alpha-D-glucopyranoside,Feces,1
Dynlt2b,Choroid Plexus,Norketamine,Feces,-1
Dynlt2b,Choroid Plexus,"Trimethylsilyl (5-benzyl-3,6-dioxopiperazin-2-yl)acetate",Feces,1
Dync2li1,Choroid Plexus,2-Ethylacetoacetate,Feces,1
Actr3,Choroid Plexus,2-Ethylacetoacetate,Feces,1
Ptger1,Choroid Plexus,2-Ethylacetoacetate,Feces,1
Suclg2,Choroid Plexus,2-Ethylacetoacetate,Feces,1
Osgepl1,Choroid Plexus,2-Ethylacetoacetate,Feces,1
Sox13,Choroid Plexus,2-Ethylacetoacetate,Feces,1
Gsta4,Choroid Plexus,2-Ethylacetoacetate,Feces,1
Actr3,Choroid Plexus,Aconitic acid,Feces,1
Pomgnt1,Choroid Plexus,Aconitic acid,Feces,1
Opa1,Choroid Plexus,Aconitic acid,Feces,1
mt-Tl1,Choroid Plexus,Aconitic acid,Feces,-1
Rpp30,Choroid Plexus,Aconitic acid,Feces,1
Cep41,Choroid Plexus,D-(-)-Fructofuranose,Feces,1
Gpaa1,Choroid Plexus,D-(-)-Fructofuranose,Feces,-1
Mfge8,Choroid Plexus,D-(-)-Fructofuranose,Feces,-1
Opa1,Choroid Plexus,D-(-)-Fructofuranose,Feces,1
Pi4ka,Choroid Plexus,D-(-)-Fructofuranose,Feces,-1
Adamts15,Choroid Plexus,D-(-)-Fructofuranose,Feces,-1
Ramac,Choroid Plexus,D-(-)-Fructofuranose,Feces,1
Acad9,Choroid Plexus,D-(-)-Fructofuranose,Feces,-1
Dync1h1,Choroid Plexus,D-(-)-Fructofuranose,Feces,-1
Ptgr3,Choroid Plexus,D-(-)-Fructofuranose,Feces,1
Fam98b,Choroid Plexus,D-(-)-Fructofuranose,Feces,1
Stk26,Choroid Plexus,Ethyl alpha-D-glucopyranoside,Feces,1
Zfp36l2,Choroid Plexus,Ethyl alpha-D-glucopyranoside,Feces,1
Suclg2,Choroid Plexus,Ethyl alpha-D-glucopyranoside,Feces,1
Arhgap15,Choroid Plexus,Ethyl alpha-D-glucopyranoside,Feces,-1
Serp2,Choroid Plexus,Ethyl alpha-D-glucopyranoside,Feces,-1
Klhl18,Choroid Plexus,Ethyl alpha-D-glucopyranoside,Feces,-1
Dync2li1,Choroid Plexus,Norketamine,Feces,-1
Gm43568,Choroid Plexus,Norketamine,Feces,-1
Suclg2,Choroid Plexus,Norketamine,Feces,-1
Klhl18,Choroid Plexus,Norketamine,Feces,1
Yars1,Choroid Plexus,Norketamine,Feces,1
Ubl3,Choroid Plexus,"Trimethylsilyl (5-benzyl-3,6-dioxopiperazin-2-yl)acetate",Feces,1
Smim10l1,Choroid Plexus,"Trimethylsilyl (5-benzyl-3,6-dioxopiperazin-2-yl)acetate",Feces,1
mt-Tl1,Choroid Plexus,"Trimethylsilyl (5-benzyl-3,6-dioxopiperazin-2-yl)acetate",Feces,-1
Rpp30,Choroid Plexus,"Trimethylsilyl (5-benzyl-3,6-dioxopiperazin-2-yl)acetate",Feces,1
Pthlh,Choroid Plexus,"Trimethylsilyl (5-benzyl-3,6-dioxopiperazin-2-yl)acetate",Feces,1
Cmtm8,Choroid Plexus,Cyclohexanemethanol,Feces,1
Cmtm8,Choroid Plexus,"Guanidine, N,N-dimethyl",Feces,1
Cmtm8,Choroid Plexus,N-Acetyl glucosamine methoxime,Feces,1
Rlbp1,Choroid Plexus,Cyclohexanemethanol,Feces,1
Vasp,Choroid Plexus,Cyclohexanemethanol,Feces,1
Flvcr1,Choroid Plexus,Cyclohexanemethanol,Feces,1
Klf8,Choroid Plexus,Cyclohexanemethanol,Feces,-1
Chi3l1,Choroid Plexus,"Guanidine, N,N-dimethyl",Feces,1
Col8a1,Choroid Plexus,"Guanidine, N,N-dimethyl",Feces,1
Ifi30,Choroid Plexus,"Guanidine, N,N-dimethyl",Feces,1
2310014F06Rik,Choroid Plexus,"Guanidine, N,N-dimethyl",Feces,1
Kmt5b,Choroid Plexus,"Guanidine, N,N-dimethyl",Feces,1
Cbarp,Choroid Plexus,N-Acetyl glucosamine methoxime,Feces,-1
Casp8,Choroid Plexus,N-Acetyl glucosamine methoxime,Feces,1
Apc2,Choroid Plexus,N-Acetyl glucosamine methoxime,Feces,-1
Ccdc33,Choroid Plexus,N-Acetyl glucosamine methoxime,Feces,-1
Hmmr,Choroid Plexus,N-Acetyl glucosamine methoxime,Feces,1
Tmem259,Choroid Plexus,2-Hydroxy-3-methylbutyric acid,Feces,-1
Ptges2,Choroid Plexus,2-Hydroxy-3-methylbutyric acid,Feces,-1
Lepr,Choroid Plexus,L-Leucine,Feces,1
Cdkn1c,Choroid Plexus,L-Leucine,Feces,1
Zhx1,Choroid Plexus,L-Leucine,Feces,1
Vps13b,Choroid Plexus,L-Leucine,Feces,1
Rab5a,Choroid Plexus,L-Leucine,Feces,1
5430402O13Rik,Choroid Plexus,L-Leucine,Feces,1
Clcn2,Choroid Plexus,L-Leucine,Feces,1
Gtpbp4,Choroid Plexus,L-Leucine,Feces,1
Zbtb37,Choroid Plexus,2-Aminobutanoic acid,Feces,1
Zbtb37,Choroid Plexus,Decanoic acid,Feces,1
Rhob,Choroid Plexus,2-Aminobutanoic acid,Feces,-1
Nup214,Choroid Plexus,Decanoic acid,Feces,1
Prpf6,Choroid Plexus,Decanoic acid,Feces,1
Aqp11,Choroid Plexus,Decanoic acid,Feces,1
Slc35a3,Choroid Plexus,Decanoic acid,Feces,1
Fer,Choroid Plexus,Decanoic acid,Feces,1
Klf8,Choroid Plexus,Decanoic acid,Feces,-1
Slc16a7,Choroid Plexus,Butyl caprylate,Feces,-1
Irak3,Choroid Plexus,Butyl caprylate,Feces,1
Zmat5,Choroid Plexus,Butyl caprylate,Feces,-1
Fam167b,Choroid Plexus,9-Octadecenoic acid,Feces,1
Pdss1,Choroid Plexus,9-Octadecenoic acid,Feces,1
Zfp513,Choroid Plexus,Pentanoic acid,Feces,1
Sema3g,Choroid Plexus,Pentanoic acid,Feces,1
Ric3,Choroid Plexus,Pentanoic acid,Feces,1
Ndufs3,Choroid Plexus,N-Acetylglucosamine,Feces,1
Plekhn1,Choroid Plexus,N-Acetylglucosamine,Feces,1
Setx,Choroid Plexus,N-Acetylglucosamine,Feces,1
Osbp,Choroid Plexus,Tyrosine,Feces,1
Cep41,Choroid Plexus,Tyrosine,Feces,1
Cdkn1c,Choroid Plexus,Tyrosine,Feces,1
Stk26,Choroid Plexus,Tyrosine,Feces,1
Osgepl1,Choroid Plexus,Tyrosine,Feces,1
Smarca5,Choroid Plexus,Tyrosine,Feces,1
Dhx9,Choroid Plexus,Tyrosine,Feces,1
Mtap,Choroid Plexus,"2,3,4-Trihydroxybutyric acid",Feces,1
Mtap,Choroid Plexus,3-Pyridylcarbinol,Feces,1
Mtap,Choroid Plexus,4-Pyridinol,Feces,1
Mtap,Choroid Plexus,Cytosine,Feces,1
Mtap,Choroid Plexus,Dihydrouracil,Feces,1
Prxl2c,Choroid Plexus,"2,3,4-Trihydroxybutyric acid",Feces,1
Smim10l1,Choroid Plexus,"2,3,4-Trihydroxybutyric acid",Feces,1
Erbin,Choroid Plexus,"2,3,4-Trihydroxybutyric acid",Feces,1
Cdkn1c,Choroid Plexus,3-Pyridylcarbinol,Feces,1
Smim10l1,Choroid Plexus,3-Pyridylcarbinol,Feces,1
Zfp322a,Choroid Plexus,3-Pyridylcarbinol,Feces,1
Wbp4,Choroid Plexus,3-Pyridylcarbinol,Feces,1
Setx,Choroid Plexus,3-Pyridylcarbinol,Feces,1
Evi5,Choroid Plexus,3-Pyridylcarbinol,Feces,1
Serp2,Choroid Plexus,3-Pyridylcarbinol,Feces,-1
Ric3,Choroid Plexus,3-Pyridylcarbinol,Feces,1
Gtpbp4,Choroid Plexus,3-Pyridylcarbinol,Feces,1
Gsta4,Choroid Plexus,3-Pyridylcarbinol,Feces,1
H1f10,Choroid Plexus,4-Pyridinol,Feces,-1
Gsta4,Choroid Plexus,4-Pyridinol,Feces,1
Krt23,Choroid Plexus,Dihydrouracil,Feces,1
Kcmf1,Choroid Plexus,Dihydrouracil,Feces,1
mt-Tv,Choroid Plexus,Dihydrouracil,Feces,-1
Stag2,Choroid Plexus,Dihydrouracil,Feces,1
Stat3,Choroid Plexus,Methylmaleic acid,Feces,1
Casp8,Choroid Plexus,Methylmaleic acid,Feces,-1
Kcmf1,Choroid Plexus,Methylmaleic acid,Feces,-1
Nek8,Choroid Plexus,2'-Desoxyuridine,Feces,1
Nek8,Choroid Plexus,"Hexadecanoic acid, tetradecyl ester",Feces,1
Srebf2,Choroid Plexus,2'-Desoxyuridine,Feces,-1
Gpaa1,Choroid Plexus,2'-Desoxyuridine,Feces,-1
Eef1a1,Choroid Plexus,2'-Desoxyuridine,Feces,1
Mfge8,Choroid Plexus,2'-Desoxyuridine,Feces,-1
Armcx2,Choroid Plexus,2'-Desoxyuridine,Feces,-1
Kat8,Choroid Plexus,2'-Desoxyuridine,Feces,-1
Rit1,Choroid Plexus,2'-Desoxyuridine,Feces,-1
Stag2,Choroid Plexus,2'-Desoxyuridine,Feces,1
Ubl3,Choroid Plexus,"Hexadecanoic acid, tetradecyl ester",Feces,1
Zfp358,Choroid Plexus,"Hexadecanoic acid, tetradecyl ester",Feces,-1
Gm5141,Choroid Plexus,"Hexadecanoic acid, tetradecyl ester",Feces,1
Dync2li1,Choroid Plexus,Butyl Succinate,Feces,1
Olfm2,Choroid Plexus,Butyl Succinate,Feces,-1
Gsta4,Choroid Plexus,Butyl Succinate,Feces,1
Amfr,Choroid Plexus,alpha-Tocopheryl acetate,Feces,1
Ramac,Choroid Plexus,alpha-Tocopheryl acetate,Feces,-1
Fance,Choroid Plexus,alpha-Tocopheryl acetate,Feces,1
Fchsd2,Choroid Plexus,Ribonic acid,Feces,1
Smim10l1,Choroid Plexus,Ribonic acid,Feces,1
Stag2,Choroid Plexus,Ribonic acid,Feces,1
Tmem204,Choroid Plexus,Pentanedioic acid,Feces,1
St8sia2,Choroid Plexus,Pentanedioic acid,Feces,-1
Ubl3,Choroid Plexus,L-Serine,Feces,1
Actr3,Choroid Plexus,L-Serine,Feces,1
Smim10l1,Choroid Plexus,L-Serine,Feces,1
Gnas,Choroid Plexus,L-Serine,Feces,1
Setx,Choroid Plexus,L-Serine,Feces,1
Maco1,Choroid Plexus,3-(3-Hydroxyphenyl)propanoic acid,Feces,1
Recql5,Choroid Plexus,3-(3-Hydroxyphenyl)propanoic acid,Feces,-1
Gm25517,Choroid Plexus,3-(3-Hydroxyphenyl)propanoic acid,Feces,1
Zfp383,Choroid Plexus,3-(3-Hydroxyphenyl)propanoic acid,Feces,1
Actr3,Choroid Plexus,beta-D-(-)-Ribopyranose,Feces,1
Cdkn1c,Choroid Plexus,beta-D-(-)-Ribopyranose,Feces,1
Ap3b1,Choroid Plexus,beta-D-(-)-Ribopyranose,Feces,1
Afg3l1,Choroid Plexus,beta-D-(-)-Ribopyranose,Feces,1
Olfm2,Choroid Plexus,beta-D-(-)-Ribopyranose,Feces,-1
Slc25a16,Choroid Plexus,beta-D-(-)-Ribopyranose,Feces,1
St8sia2,Choroid Plexus,beta-D-(-)-Ribopyranose,Feces,-1
Acacb,Choroid Plexus,N-Methyl-alpha-aminoisobutyric acid,Feces,-1
Irak1bp1,Choroid Plexus,N-Methyl-alpha-aminoisobutyric acid,Feces,1
Setx,Choroid Plexus,N-Methyl-alpha-aminoisobutyric acid,Feces,1
Ofd1,Choroid Plexus,N-Methyl-alpha-aminoisobutyric acid,Feces,1
Btg1,Choroid Plexus,Xylazine,Feces,1
Srebf2,Choroid Plexus,Niacinamide,Feces,-1
Srebf2,Choroid Plexus,"2-Pentenedioic acid, 2-hydroxy-",Feces,-1
Srebf2,Choroid Plexus,Thymidine,Feces,-1
Mpi,Choroid Plexus,Niacinamide,Feces,-1
Vmp1,Choroid Plexus,Niacinamide,Feces,-1
Zfp322a,Choroid Plexus,"2-Pentenedioic acid, 2-hydroxy-",Feces,1
Gpaa1,Choroid Plexus,Thymidine,Feces,-1
Mfge8,Choroid Plexus,Thymidine,Feces,-1
Armcx2,Choroid Plexus,Thymidine,Feces,-1
Kat8,Choroid Plexus,Thymidine,Feces,-1
Fndc3a,Choroid Plexus,"D-Erythro-Pentitol, 2-deoxy-",Feces,-1
Cdkn1c,Choroid Plexus,Phenylalanine,Feces,1
Gpaa1,Choroid Plexus,Phenylalanine,Feces,-1
Rhob,Choroid Plexus,Phenylalanine,Feces,-1
Pi4ka,Choroid Plexus,Phenylalanine,Feces,-1
Stag2,Choroid Plexus,Phenylalanine,Feces,1
Smarca5,Choroid Plexus,Phenylalanine,Feces,1
Fam98b,Choroid Plexus,Phenylalanine,Feces,1
Dhx9,Choroid Plexus,Phenylalanine,Feces,1
Prpf6,Choroid Plexus,1-Octadecanol,Feces,1
Sec62,Choroid Plexus,1-Octadecanol,Feces,1
Vangl1,Choroid Plexus,1-Octadecanol,Feces,1
Bcl2l12,Choroid Plexus,1-Octadecanol,Feces,1
Ric3,Choroid Plexus,1-Octadecanol,Feces,1
Ruvbl1,Choroid Plexus,N-Methyl-L-proline,Feces,1
Cltb,Choroid Plexus,N-Methyl-L-proline,Feces,1
Scp2-ps2,Choroid Plexus,Campesterol,Feces,-1
Casp8,Choroid Plexus,3-Undecene,Feces,1
Sec62,Choroid Plexus,3-Undecene,Feces,1
Ifih1,Choroid Plexus,3-Undecene,Feces,1
Sema3g,Choroid Plexus,3-Undecene,Feces,1
Chi3l1,Choroid Plexus,3-Undecene,Feces,1
Vangl1,Choroid Plexus,3-Undecene,Feces,1
Cntn1,Choroid Plexus,3-Undecene,Feces,1
Klf8,Choroid Plexus,3-Undecene,Feces,-1
Ifih1,Choroid Plexus,Menthol,Feces,1
Nfyb,Choroid Plexus,4-Hydroxy-5-(hydroxymethyl)oxolan-2-one,Feces,1
Apc2,Choroid Plexus,Itaconic acid,Feces,1
Adck2,Choroid Plexus,"D-Erythro-Pentofuranose, 2-deoxy-1,3-bis-O-posphate",Feces,-1
Dok1,Choroid Plexus,"D-Erythro-Pentofuranose, 2-deoxy-1,3-bis-O-posphate",Feces,1
Mtmr2,Choroid Plexus,L-Glutamine,Feces,1
C130089K02Rik,Choroid Plexus,L-(+)-Lactic acid,Feces,-1
Ap3b1,Choroid Plexus,"2,5-Dimethoxybenzhydrazide",Feces,1
Stag2,Choroid Plexus,"2,5-Dimethoxybenzhydrazide",Feces,1
Ada,Choroid Plexus,Arabinose,Feces,1
Fzr1,Choroid Plexus,Arabinose,Feces,1
Sp4,Choroid Plexus,"1H-Indole-2-carboxylic acid, 5-ethyl-1-(trimethylsilyl)",Feces,1
Olfm2,Choroid Plexus,"1H-Indole-2-carboxylic acid, 5-ethyl-1-(trimethylsilyl)",Feces,-1
Kpna4,Choroid Plexus,"1H-Indole-2-carboxylic acid, 5-ethyl-1-(trimethylsilyl)",Feces,1
Osgepl1,Choroid Plexus,"1H-Indole-2-carboxylic acid, 5-ethyl-1-(trimethylsilyl)",Feces,1
Dok1,Choroid Plexus,1-Hexanol,Feces,-1
Ndn,Choroid Plexus,1-Hexanol,Feces,1
Stk26,Choroid Plexus,"3-Hydroxy-2,3-dihydromaltol",Feces,1
Rlbp1,Choroid Plexus,"3-Hydroxy-2,3-dihydromaltol",Feces,1
Rhob,Choroid Plexus,Uridine,Feces,-1
Adamts15,Choroid Plexus,Uridine,Feces,-1
Hsdl2,Choroid Plexus,"2-Furanacetaldehyde, tetrahydro-alpha",Feces,1
Iqgap2,Choroid Plexus,Citric acid,Feces,1
Ric3,Choroid Plexus,Citric acid,Feces,1
Lrp2bp,Choroid Plexus,Citric acid,Feces,1
Gm15587,Choroid Plexus,Citric acid,Feces,1
Dcp2,Choroid Plexus,Glycolic acid,Feces,1
Cul7,Choroid Plexus,Octadecyl octyl ether,Feces,-1
Gm25517,Choroid Plexus,3-Methyl-2-furoic acid,Feces,-1
Rassf4,Choroid Plexus,3-Methyl-2-furoic acid,Feces,1
Sema3g,Choroid Plexus,"Azetidine, 1-acetyl-2-methyl",Feces,1
Sema3g,Choroid Plexus,"Hexadecanoic acid, 4-hydroxybutyl ester",Feces,1
Mafg,Choroid Plexus,"Azetidine, 1-acetyl-2-methyl",Feces,1
H1f10,Choroid Plexus,"Hexadecanoic acid, 4-hydroxybutyl ester",Feces,-1
Bcat1,Choroid Plexus,Palmitic Acid,Feces,-1
Ric3,Choroid Plexus,Palmitic Acid,Feces,1
Sytl2,Choroid Plexus,Palmitic Acid,Feces,1
Afg3l1,Choroid Plexus,3-Hydroxyisovaleric acid,Feces,1
Afg3l1,Choroid Plexus,"Erythrono-1,4-lactone",Feces,1
Klf8,Choroid Plexus,3-Hydroxyisovaleric acid,Feces,-1
Gsta4,Choroid Plexus,"Erythrono-1,4-lactone",Feces,1
Tmem229b,Choroid Plexus,beta-Arabinopyranose,Feces,-1
Cebpd,Choroid Plexus,beta-Arabinopyranose,Feces,-1
Sulf2,Choroid Plexus,beta-Arabinopyranose,Feces,-1
Dr1,Choroid Plexus,beta-Arabinopyranose,Feces,1
Olfm2,Choroid Plexus,2'-Deoxyribolactone,Feces,-1
Olfm2,Choroid Plexus,8-Hydroxy-5-(hydroxymethyl)quinoline,Feces,-1
Ppp4c,Choroid Plexus,2'-Deoxyribolactone,Feces,-1
Hip1,Choroid Plexus,2'-Deoxyribolactone,Feces,1
Slc35a3,Choroid Plexus,2'-Deoxyribolactone,Feces,1
Mkrn3,Choroid Plexus,8-Hydroxy-5-(hydroxymethyl)quinoline,Feces,-1
Lama1,Choroid Plexus,8-Hydroxy-5-(hydroxymethyl)quinoline,Feces,1
Spen,Choroid Plexus,Phloroglucinol,Feces,1
Eeig1,Choroid Plexus,"Xylonic acid, delta-lactone",Feces,1
Ints11,Choroid Plexus,1-Tetracosene,Feces,-1
Itch,Choroid Plexus,L-(-)-Sorbofuranose,Feces,1
Reep2,Choroid Plexus,L-(-)-Sorbofuranose,Feces,-1
Stag2,Choroid Plexus,L-(-)-Sorbofuranose,Feces,1
Ppp4c,Choroid Plexus,Idoxuridine ,Feces,-1
Emc3,Choroid Plexus,"1-Propanamine, N,N-diethyl-",Feces,-1
Ubc,Choroid Plexus,"1-Propanamine, N,N-diethyl-",Feces,-1
Dync2i2,Choroid Plexus,Ketamine,Feces,-1
Dennd2c,Choroid Plexus,4-Hydroxybenzaldehyde,Feces,1
Stag2,Choroid Plexus,4-Hydroxybenzaldehyde,Feces,1
Sncg,Choroid Plexus,Arabinitol,Feces,-1
Ptges2,Choroid Plexus,Xylose,Feces,1
Arl2bp,Choroid Plexus,Xylose,Feces,1
Nop16,Choroid Plexus,12-Oxooctadecanoate,Feces,-1
Rab5a,Choroid Plexus,Cholesterol,Feces,1
Chi3l1,Choroid Plexus,Pimelic acid,Feces,1
Col8a1,Choroid Plexus,Pimelic acid,Feces,1
Slc35a3,Choroid Plexus,Pimelic acid,Feces,1
Ube3c,Choroid Plexus,Pimelic acid,Feces,1
Klf8,Choroid Plexus,Pimelic acid,Feces,-1
A930024E05Rik,Choroid Plexus,Lignoceric acid,Feces,1
Rassf4,Choroid Plexus,Isonicotinic Acid,Feces,1
Nsg2,Choroid Plexus,1-Octanol,Feces,1
Fundc2,Choroid Plexus,L-Proline,Feces,1
Cebpd,Choroid Plexus,Erythritol,Feces,1
Ap3s2,Choroid Plexus,Erythritol,Feces,1
Ccpg1,Choroid Plexus,Erythritol,Feces,1
Aasdhppt,Choroid Plexus,3-Deoxyhexitol,Feces,1
Vps37d,Choroid Plexus,Sebacic acid,Feces,-1
Cstf2,Choroid Plexus,Sebacic acid,Feces,-1
Zfp300,Choroid Plexus,Sebacic acid,Feces,-1
Fance,Choroid Plexus,3-Aminobutanoic acid,Feces,1
Hlf,Choroid Plexus,3-Aminobutanoic acid,Feces,-1
Ubc,Choroid Plexus,alpha-L-(-)-Fucopyranose,Feces,1
Sema6a,Choroid Plexus,"Pentitol, 3-desoxy",Feces,-1
Gm15587,Choroid Plexus,"Propane, 2-methyl",Feces,1
Leprotl1,Choroid Plexus,Phloretic acid,Feces,1
Osgepl1,Choroid Plexus,Phloretic acid,Feces,1
Tm9sf3,Choroid Plexus,Phloretic acid,Feces,1
Id1,Choroid Plexus,D-Mannopyranose,Feces,1
Scrib,Choroid Plexus,"beta-D-Galactopyranoside, methyl-, acetate",Feces,1
Foxc2,Choroid Plexus,Butanedioic acid,Feces,-1
Gtpbp4,Choroid Plexus,Tricine,Feces,1
Dynll1,Choroid Plexus,Dihydroxyacetone,Feces,1